/*
 Navicat Premium Data Transfer

 Source Server         : fdsfd
 Source Server Type    : MySQL
 Source Server Version : 50508
 Source Host           : localhost:3306
 Source Schema         : datadiscorverwork

 Target Server Type    : MySQL
 Target Server Version : 50508
 File Encoding         : 65001

 Date: 09/06/2019 23:23:47
*/

SET NAMES utf8;
SET FOREIGN_KEY_CHECKS = 0;

-- ----------------------------
-- Table structure for auth_group
-- ----------------------------
DROP TABLE IF EXISTS `auth_group`;
CREATE TABLE `auth_group`  (
  `id` int(11) NOT NULL AUTO_INCREMENT,
  `name` varchar(80) CHARACTER SET utf8 COLLATE utf8_bin NOT NULL,
  PRIMARY KEY (`id`) USING BTREE,
  UNIQUE INDEX `name`(`name`) USING BTREE
) ENGINE = InnoDB AUTO_INCREMENT = 1 CHARACTER SET = utf8 COLLATE = utf8_bin ROW_FORMAT = Compact;

-- ----------------------------
-- Table structure for auth_group_permissions
-- ----------------------------
DROP TABLE IF EXISTS `auth_group_permissions`;
CREATE TABLE `auth_group_permissions`  (
  `id` int(11) NOT NULL AUTO_INCREMENT,
  `group_id` int(11) NOT NULL,
  `permission_id` int(11) NOT NULL,
  PRIMARY KEY (`id`) USING BTREE,
  UNIQUE INDEX `auth_group_permissions_group_id_permission_id_0cd325b0_uniq`(`group_id`, `permission_id`) USING BTREE,
  INDEX `auth_group_permissio_permission_id_84c5c92e_fk_auth_perm`(`permission_id`) USING BTREE,
  CONSTRAINT `auth_group_permissions_group_id_b120cbf9_fk_auth_group_id` FOREIGN KEY (`group_id`) REFERENCES `auth_group` (`id`) ON DELETE RESTRICT ON UPDATE RESTRICT,
  CONSTRAINT `auth_group_permissio_permission_id_84c5c92e_fk_auth_perm` FOREIGN KEY (`permission_id`) REFERENCES `auth_permission` (`id`) ON DELETE RESTRICT ON UPDATE RESTRICT
) ENGINE = InnoDB AUTO_INCREMENT = 1 CHARACTER SET = utf8 COLLATE = utf8_bin ROW_FORMAT = Compact;

-- ----------------------------
-- Table structure for auth_permission
-- ----------------------------
DROP TABLE IF EXISTS `auth_permission`;
CREATE TABLE `auth_permission`  (
  `id` int(11) NOT NULL AUTO_INCREMENT,
  `name` varchar(255) CHARACTER SET utf8 COLLATE utf8_bin NOT NULL,
  `content_type_id` int(11) NOT NULL,
  `codename` varchar(100) CHARACTER SET utf8 COLLATE utf8_bin NOT NULL,
  PRIMARY KEY (`id`) USING BTREE,
  UNIQUE INDEX `auth_permission_content_type_id_codename_01ab375a_uniq`(`content_type_id`, `codename`) USING BTREE,
  CONSTRAINT `auth_permission_content_type_id_2f476e4b_fk_django_co` FOREIGN KEY (`content_type_id`) REFERENCES `django_content_type` (`id`) ON DELETE RESTRICT ON UPDATE RESTRICT
) ENGINE = InnoDB AUTO_INCREMENT = 100 CHARACTER SET = utf8 COLLATE = utf8_bin ROW_FORMAT = Compact;

-- ----------------------------
-- Records of auth_permission
-- ----------------------------
INSERT INTO `auth_permission` VALUES (1, 'Can add permission', 1, 'add_permission');
INSERT INTO `auth_permission` VALUES (2, 'Can change permission', 1, 'change_permission');
INSERT INTO `auth_permission` VALUES (3, 'Can delete permission', 1, 'delete_permission');
INSERT INTO `auth_permission` VALUES (4, 'Can add group', 2, 'add_group');
INSERT INTO `auth_permission` VALUES (5, 'Can change group', 2, 'change_group');
INSERT INTO `auth_permission` VALUES (6, 'Can delete group', 2, 'delete_group');
INSERT INTO `auth_permission` VALUES (7, 'Can add user', 3, 'add_user');
INSERT INTO `auth_permission` VALUES (8, 'Can change user', 3, 'change_user');
INSERT INTO `auth_permission` VALUES (9, 'Can delete user', 3, 'delete_user');
INSERT INTO `auth_permission` VALUES (10, 'Can add content type', 4, 'add_contenttype');
INSERT INTO `auth_permission` VALUES (11, 'Can change content type', 4, 'change_contenttype');
INSERT INTO `auth_permission` VALUES (12, 'Can delete content type', 4, 'delete_contenttype');
INSERT INTO `auth_permission` VALUES (13, 'Can add log entry', 5, 'add_logentry');
INSERT INTO `auth_permission` VALUES (14, 'Can change log entry', 5, 'change_logentry');
INSERT INTO `auth_permission` VALUES (15, 'Can delete log entry', 5, 'delete_logentry');
INSERT INTO `auth_permission` VALUES (16, 'Can add session', 6, 'add_session');
INSERT INTO `auth_permission` VALUES (17, 'Can change session', 6, 'change_session');
INSERT INTO `auth_permission` VALUES (18, 'Can delete session', 6, 'delete_session');
INSERT INTO `auth_permission` VALUES (19, 'Can add client', 7, 'add_client');
INSERT INTO `auth_permission` VALUES (20, 'Can change client', 7, 'change_client');
INSERT INTO `auth_permission` VALUES (21, 'Can delete client', 7, 'delete_client');
INSERT INTO `auth_permission` VALUES (22, 'Can add commodity', 8, 'add_commodity');
INSERT INTO `auth_permission` VALUES (23, 'Can change commodity', 8, 'change_commodity');
INSERT INTO `auth_permission` VALUES (24, 'Can delete commodity', 8, 'delete_commodity');
INSERT INTO `auth_permission` VALUES (25, 'Can add order', 9, 'add_order');
INSERT INTO `auth_permission` VALUES (26, 'Can change order', 9, 'change_order');
INSERT INTO `auth_permission` VALUES (27, 'Can delete order', 9, 'delete_order');
INSERT INTO `auth_permission` VALUES (28, 'Can add orderdetail', 10, 'add_orderdetail');
INSERT INTO `auth_permission` VALUES (29, 'Can change orderdetail', 10, 'change_orderdetail');
INSERT INTO `auth_permission` VALUES (30, 'Can delete orderdetail', 10, 'delete_orderdetail');
INSERT INTO `auth_permission` VALUES (31, 'Can add region', 11, 'add_region');
INSERT INTO `auth_permission` VALUES (32, 'Can change region', 11, 'change_region');
INSERT INTO `auth_permission` VALUES (33, 'Can delete region', 11, 'delete_region');
INSERT INTO `auth_permission` VALUES (34, 'Can add type', 12, 'add_type');
INSERT INTO `auth_permission` VALUES (35, 'Can change type', 12, 'change_type');
INSERT INTO `auth_permission` VALUES (36, 'Can delete type', 12, 'delete_type');
INSERT INTO `auth_permission` VALUES (37, 'Can add auth group', 13, 'add_authgroup');
INSERT INTO `auth_permission` VALUES (38, 'Can change auth group', 13, 'change_authgroup');
INSERT INTO `auth_permission` VALUES (39, 'Can delete auth group', 13, 'delete_authgroup');
INSERT INTO `auth_permission` VALUES (40, 'Can add auth group permissions', 14, 'add_authgrouppermissions');
INSERT INTO `auth_permission` VALUES (41, 'Can change auth group permissions', 14, 'change_authgrouppermissions');
INSERT INTO `auth_permission` VALUES (42, 'Can delete auth group permissions', 14, 'delete_authgrouppermissions');
INSERT INTO `auth_permission` VALUES (43, 'Can add auth permission', 15, 'add_authpermission');
INSERT INTO `auth_permission` VALUES (44, 'Can change auth permission', 15, 'change_authpermission');
INSERT INTO `auth_permission` VALUES (45, 'Can delete auth permission', 15, 'delete_authpermission');
INSERT INTO `auth_permission` VALUES (46, 'Can add auth user', 16, 'add_authuser');
INSERT INTO `auth_permission` VALUES (47, 'Can change auth user', 16, 'change_authuser');
INSERT INTO `auth_permission` VALUES (48, 'Can delete auth user', 16, 'delete_authuser');
INSERT INTO `auth_permission` VALUES (49, 'Can add auth user groups', 17, 'add_authusergroups');
INSERT INTO `auth_permission` VALUES (50, 'Can change auth user groups', 17, 'change_authusergroups');
INSERT INTO `auth_permission` VALUES (51, 'Can delete auth user groups', 17, 'delete_authusergroups');
INSERT INTO `auth_permission` VALUES (52, 'Can add auth user user permissions', 18, 'add_authuseruserpermissions');
INSERT INTO `auth_permission` VALUES (53, 'Can change auth user user permissions', 18, 'change_authuseruserpermissions');
INSERT INTO `auth_permission` VALUES (54, 'Can delete auth user user permissions', 18, 'delete_authuseruserpermissions');
INSERT INTO `auth_permission` VALUES (55, 'Can add django admin log', 19, 'add_djangoadminlog');
INSERT INTO `auth_permission` VALUES (56, 'Can change django admin log', 19, 'change_djangoadminlog');
INSERT INTO `auth_permission` VALUES (57, 'Can delete django admin log', 19, 'delete_djangoadminlog');
INSERT INTO `auth_permission` VALUES (58, 'Can add django content type', 20, 'add_djangocontenttype');
INSERT INTO `auth_permission` VALUES (59, 'Can change django content type', 20, 'change_djangocontenttype');
INSERT INTO `auth_permission` VALUES (60, 'Can delete django content type', 20, 'delete_djangocontenttype');
INSERT INTO `auth_permission` VALUES (61, 'Can add django migrations', 21, 'add_djangomigrations');
INSERT INTO `auth_permission` VALUES (62, 'Can change django migrations', 21, 'change_djangomigrations');
INSERT INTO `auth_permission` VALUES (63, 'Can delete django migrations', 21, 'delete_djangomigrations');
INSERT INTO `auth_permission` VALUES (64, 'Can add django session', 22, 'add_djangosession');
INSERT INTO `auth_permission` VALUES (65, 'Can change django session', 22, 'change_djangosession');
INSERT INTO `auth_permission` VALUES (66, 'Can delete django session', 22, 'delete_djangosession');
INSERT INTO `auth_permission` VALUES (67, 'Can add orders', 23, 'add_orders');
INSERT INTO `auth_permission` VALUES (68, 'Can change orders', 23, 'change_orders');
INSERT INTO `auth_permission` VALUES (69, 'Can delete orders', 23, 'delete_orders');
INSERT INTO `auth_permission` VALUES (70, 'Can add ori client', 24, 'add_oriclient');
INSERT INTO `auth_permission` VALUES (71, 'Can change ori client', 24, 'change_oriclient');
INSERT INTO `auth_permission` VALUES (72, 'Can delete ori client', 24, 'delete_oriclient');
INSERT INTO `auth_permission` VALUES (73, 'Can add ori commodity', 25, 'add_oricommodity');
INSERT INTO `auth_permission` VALUES (74, 'Can change ori commodity', 25, 'change_oricommodity');
INSERT INTO `auth_permission` VALUES (75, 'Can delete ori commodity', 25, 'delete_oricommodity');
INSERT INTO `auth_permission` VALUES (76, 'Can add ori orderdetail', 26, 'add_oriorderdetail');
INSERT INTO `auth_permission` VALUES (77, 'Can change ori orderdetail', 26, 'change_oriorderdetail');
INSERT INTO `auth_permission` VALUES (78, 'Can delete ori orderdetail', 26, 'delete_oriorderdetail');
INSERT INTO `auth_permission` VALUES (79, 'Can add ori orders', 27, 'add_oriorders');
INSERT INTO `auth_permission` VALUES (80, 'Can change ori orders', 27, 'change_oriorders');
INSERT INTO `auth_permission` VALUES (81, 'Can delete ori orders', 27, 'delete_oriorders');
INSERT INTO `auth_permission` VALUES (82, 'Can add ori region', 28, 'add_oriregion');
INSERT INTO `auth_permission` VALUES (83, 'Can change ori region', 28, 'change_oriregion');
INSERT INTO `auth_permission` VALUES (84, 'Can delete ori region', 28, 'delete_oriregion');
INSERT INTO `auth_permission` VALUES (85, 'Can add ori type', 29, 'add_oritype');
INSERT INTO `auth_permission` VALUES (86, 'Can change ori type', 29, 'change_oritype');
INSERT INTO `auth_permission` VALUES (87, 'Can delete ori type', 29, 'delete_oritype');
INSERT INTO `auth_permission` VALUES (88, 'Can add change dates', 30, 'add_changedates');
INSERT INTO `auth_permission` VALUES (89, 'Can change change dates', 30, 'change_changedates');
INSERT INTO `auth_permission` VALUES (90, 'Can delete change dates', 30, 'delete_changedates');
INSERT INTO `auth_permission` VALUES (91, 'Can add change fact', 31, 'add_changefact');
INSERT INTO `auth_permission` VALUES (92, 'Can change change fact', 31, 'change_changefact');
INSERT INTO `auth_permission` VALUES (93, 'Can delete change fact', 31, 'delete_changefact');
INSERT INTO `auth_permission` VALUES (94, 'Can add change goods', 32, 'add_changegoods');
INSERT INTO `auth_permission` VALUES (95, 'Can change change goods', 32, 'change_changegoods');
INSERT INTO `auth_permission` VALUES (96, 'Can delete change goods', 32, 'delete_changegoods');
INSERT INTO `auth_permission` VALUES (97, 'Can add change site', 33, 'add_changesite');
INSERT INTO `auth_permission` VALUES (98, 'Can change change site', 33, 'change_changesite');
INSERT INTO `auth_permission` VALUES (99, 'Can delete change site', 33, 'delete_changesite');

-- ----------------------------
-- Table structure for auth_user
-- ----------------------------
DROP TABLE IF EXISTS `auth_user`;
CREATE TABLE `auth_user`  (
  `id` int(11) NOT NULL AUTO_INCREMENT,
  `password` varchar(128) CHARACTER SET utf8 COLLATE utf8_bin NOT NULL,
  `last_login` datetime NULL DEFAULT NULL,
  `is_superuser` tinyint(1) NOT NULL,
  `username` varchar(150) CHARACTER SET utf8 COLLATE utf8_bin NOT NULL,
  `first_name` varchar(30) CHARACTER SET utf8 COLLATE utf8_bin NOT NULL,
  `last_name` varchar(150) CHARACTER SET utf8 COLLATE utf8_bin NOT NULL,
  `email` varchar(254) CHARACTER SET utf8 COLLATE utf8_bin NOT NULL,
  `is_staff` tinyint(1) NOT NULL,
  `is_active` tinyint(1) NOT NULL,
  `date_joined` datetime NOT NULL,
  PRIMARY KEY (`id`) USING BTREE,
  UNIQUE INDEX `username`(`username`) USING BTREE
) ENGINE = InnoDB AUTO_INCREMENT = 3 CHARACTER SET = utf8 COLLATE = utf8_bin ROW_FORMAT = Compact;

-- ----------------------------
-- Records of auth_user
-- ----------------------------
INSERT INTO `auth_user` VALUES (1, 'pbkdf2_sha256$100000$LrQHDHyoQuBA$bmbBAvsJuAfegenVnAe8Ayub/hL73dm4hXyJRQaTFpM=', '2019-06-05 09:05:55', 1, 'lizhubin', '', '', '2579056797@qq.com', 1, 1, '2019-06-05 09:05:51');
INSERT INTO `auth_user` VALUES (2, 'pbkdf2_sha256$100000$cEuP1kObK8TX$itu2i9PEaHtHo7d9bgRAUaBJBZEUo8Qox/lo0MAODcU=', '2019-06-08 04:03:15', 1, 'root', '', '', '2579056797@qq.com', 1, 1, '2019-06-08 04:03:12');

-- ----------------------------
-- Table structure for auth_user_groups
-- ----------------------------
DROP TABLE IF EXISTS `auth_user_groups`;
CREATE TABLE `auth_user_groups`  (
  `id` int(11) NOT NULL AUTO_INCREMENT,
  `user_id` int(11) NOT NULL,
  `group_id` int(11) NOT NULL,
  PRIMARY KEY (`id`) USING BTREE,
  UNIQUE INDEX `auth_user_groups_user_id_group_id_94350c0c_uniq`(`user_id`, `group_id`) USING BTREE,
  INDEX `auth_user_groups_group_id_97559544_fk_auth_group_id`(`group_id`) USING BTREE,
  CONSTRAINT `auth_user_groups_group_id_97559544_fk_auth_group_id` FOREIGN KEY (`group_id`) REFERENCES `auth_group` (`id`) ON DELETE RESTRICT ON UPDATE RESTRICT,
  CONSTRAINT `auth_user_groups_user_id_6a12ed8b_fk_auth_user_id` FOREIGN KEY (`user_id`) REFERENCES `auth_user` (`id`) ON DELETE RESTRICT ON UPDATE RESTRICT
) ENGINE = InnoDB AUTO_INCREMENT = 1 CHARACTER SET = utf8 COLLATE = utf8_bin ROW_FORMAT = Compact;

-- ----------------------------
-- Table structure for auth_user_user_permissions
-- ----------------------------
DROP TABLE IF EXISTS `auth_user_user_permissions`;
CREATE TABLE `auth_user_user_permissions`  (
  `id` int(11) NOT NULL AUTO_INCREMENT,
  `user_id` int(11) NOT NULL,
  `permission_id` int(11) NOT NULL,
  PRIMARY KEY (`id`) USING BTREE,
  UNIQUE INDEX `auth_user_user_permissions_user_id_permission_id_14a6b632_uniq`(`user_id`, `permission_id`) USING BTREE,
  INDEX `auth_user_user_permi_permission_id_1fbb5f2c_fk_auth_perm`(`permission_id`) USING BTREE,
  CONSTRAINT `auth_user_user_permissions_user_id_a95ead1b_fk_auth_user_id` FOREIGN KEY (`user_id`) REFERENCES `auth_user` (`id`) ON DELETE RESTRICT ON UPDATE RESTRICT,
  CONSTRAINT `auth_user_user_permi_permission_id_1fbb5f2c_fk_auth_perm` FOREIGN KEY (`permission_id`) REFERENCES `auth_permission` (`id`) ON DELETE RESTRICT ON UPDATE RESTRICT
) ENGINE = InnoDB AUTO_INCREMENT = 1 CHARACTER SET = utf8 COLLATE = utf8_bin ROW_FORMAT = Compact;

-- ----------------------------
-- Table structure for change_dates
-- ----------------------------
DROP TABLE IF EXISTS `change_dates`;
CREATE TABLE `change_dates`  (
  `id` int(10) UNSIGNED NOT NULL AUTO_INCREMENT,
  `year` int(10) UNSIGNED NOT NULL,
  `month` varchar(12) CHARACTER SET utf8 COLLATE utf8_general_ci NOT NULL,
  `day` varchar(12) CHARACTER SET utf8 COLLATE utf8_general_ci NOT NULL,
  PRIMARY KEY (`id`) USING BTREE
) ENGINE = InnoDB AUTO_INCREMENT = 365 CHARACTER SET = utf8 COLLATE = utf8_general_ci ROW_FORMAT = Compact;

-- ----------------------------
-- Records of change_dates
-- ----------------------------
INSERT INTO `change_dates` VALUES (1, 2016, '03', '2016-03-18');
INSERT INTO `change_dates` VALUES (2, 2016, '03', '2016-03-18');
INSERT INTO `change_dates` VALUES (3, 2016, '03', '2016-03-18');
INSERT INTO `change_dates` VALUES (4, 2016, '03', '2016-03-18');
INSERT INTO `change_dates` VALUES (5, 2018, '12', '2018-12-08');
INSERT INTO `change_dates` VALUES (6, 2018, '12', '2018-12-08');
INSERT INTO `change_dates` VALUES (7, 2018, '05', '2018-05-14');
INSERT INTO `change_dates` VALUES (8, 2018, '05', '2018-05-14');
INSERT INTO `change_dates` VALUES (9, 2018, '05', '2018-05-14');
INSERT INTO `change_dates` VALUES (10, 2018, '05', '2018-05-14');
INSERT INTO `change_dates` VALUES (11, 2018, '05', '2018-05-14');
INSERT INTO `change_dates` VALUES (12, 2018, '05', '2018-05-14');
INSERT INTO `change_dates` VALUES (13, 2018, '09', '2018-09-30');
INSERT INTO `change_dates` VALUES (14, 2018, '09', '2018-09-30');
INSERT INTO `change_dates` VALUES (15, 2018, '09', '2018-09-30');
INSERT INTO `change_dates` VALUES (16, 2018, '09', '2018-09-30');
INSERT INTO `change_dates` VALUES (17, 2018, '09', '2018-09-30');
INSERT INTO `change_dates` VALUES (18, 2018, '09', '2018-09-30');
INSERT INTO `change_dates` VALUES (19, 2018, '01', '2018-01-13');
INSERT INTO `change_dates` VALUES (20, 2018, '01', '2018-01-13');
INSERT INTO `change_dates` VALUES (21, 2018, '01', '2018-01-13');
INSERT INTO `change_dates` VALUES (22, 2018, '01', '2018-01-13');
INSERT INTO `change_dates` VALUES (23, 2018, '01', '2018-01-13');
INSERT INTO `change_dates` VALUES (24, 2018, '01', '2018-01-13');
INSERT INTO `change_dates` VALUES (25, 2017, '07', '2017-07-20');
INSERT INTO `change_dates` VALUES (26, 2017, '07', '2017-07-20');
INSERT INTO `change_dates` VALUES (27, 2017, '07', '2017-07-20');
INSERT INTO `change_dates` VALUES (28, 2017, '07', '2017-07-20');
INSERT INTO `change_dates` VALUES (29, 2017, '07', '2017-07-20');
INSERT INTO `change_dates` VALUES (30, 2017, '07', '2017-07-20');
INSERT INTO `change_dates` VALUES (31, 2016, '10', '2016-10-31');
INSERT INTO `change_dates` VALUES (32, 2016, '10', '2016-10-31');
INSERT INTO `change_dates` VALUES (33, 2018, '10', '2018-10-31');
INSERT INTO `change_dates` VALUES (34, 2018, '10', '2018-10-31');
INSERT INTO `change_dates` VALUES (35, 2018, '10', '2018-10-31');
INSERT INTO `change_dates` VALUES (36, 2018, '04', '2018-04-21');
INSERT INTO `change_dates` VALUES (37, 2018, '05', '2018-05-20');
INSERT INTO `change_dates` VALUES (38, 2018, '05', '2018-05-20');
INSERT INTO `change_dates` VALUES (39, 2018, '05', '2018-05-20');
INSERT INTO `change_dates` VALUES (40, 2018, '05', '2018-05-20');
INSERT INTO `change_dates` VALUES (41, 2018, '05', '2018-05-20');
INSERT INTO `change_dates` VALUES (42, 2018, '05', '2018-05-20');
INSERT INTO `change_dates` VALUES (43, 2016, '05', '2016-05-10');
INSERT INTO `change_dates` VALUES (44, 2016, '05', '2016-05-10');
INSERT INTO `change_dates` VALUES (45, 2016, '05', '2016-05-10');
INSERT INTO `change_dates` VALUES (46, 2018, '04', '2018-04-17');
INSERT INTO `change_dates` VALUES (47, 2018, '04', '2018-04-17');
INSERT INTO `change_dates` VALUES (48, 2018, '04', '2018-04-17');
INSERT INTO `change_dates` VALUES (49, 2016, '11', '2016-11-09');
INSERT INTO `change_dates` VALUES (50, 2016, '11', '2016-11-09');
INSERT INTO `change_dates` VALUES (51, 2016, '11', '2016-11-09');
INSERT INTO `change_dates` VALUES (52, 2016, '11', '2016-11-09');
INSERT INTO `change_dates` VALUES (53, 2018, '04', '2018-04-09');
INSERT INTO `change_dates` VALUES (54, 2018, '04', '2018-04-09');
INSERT INTO `change_dates` VALUES (55, 2017, '04', '2017-04-22');
INSERT INTO `change_dates` VALUES (56, 2017, '04', '2017-04-22');
INSERT INTO `change_dates` VALUES (57, 2017, '04', '2017-04-22');
INSERT INTO `change_dates` VALUES (58, 2017, '04', '2017-04-22');
INSERT INTO `change_dates` VALUES (59, 2017, '04', '2017-04-22');
INSERT INTO `change_dates` VALUES (60, 2017, '04', '2017-04-22');
INSERT INTO `change_dates` VALUES (61, 2017, '04', '2017-04-23');
INSERT INTO `change_dates` VALUES (62, 2017, '04', '2017-04-23');
INSERT INTO `change_dates` VALUES (63, 2017, '04', '2017-04-23');
INSERT INTO `change_dates` VALUES (64, 2017, '04', '2017-04-23');
INSERT INTO `change_dates` VALUES (65, 2017, '12', '2017-12-06');
INSERT INTO `change_dates` VALUES (66, 2017, '12', '2017-12-06');
INSERT INTO `change_dates` VALUES (67, 2017, '07', '2017-07-31');
INSERT INTO `change_dates` VALUES (68, 2017, '07', '2017-07-31');
INSERT INTO `change_dates` VALUES (69, 2017, '07', '2017-07-31');
INSERT INTO `change_dates` VALUES (70, 2017, '07', '2017-07-31');
INSERT INTO `change_dates` VALUES (71, 2017, '07', '2017-07-31');
INSERT INTO `change_dates` VALUES (72, 2017, '07', '2017-07-31');
INSERT INTO `change_dates` VALUES (73, 2018, '08', '2018-08-01');
INSERT INTO `change_dates` VALUES (74, 2018, '08', '2018-08-01');
INSERT INTO `change_dates` VALUES (75, 2018, '07', '2018-07-22');
INSERT INTO `change_dates` VALUES (76, 2018, '07', '2018-07-22');
INSERT INTO `change_dates` VALUES (77, 2018, '07', '2018-07-22');
INSERT INTO `change_dates` VALUES (78, 2018, '07', '2018-07-22');
INSERT INTO `change_dates` VALUES (79, 2016, '02', '2016-02-17');
INSERT INTO `change_dates` VALUES (80, 2016, '02', '2016-02-17');
INSERT INTO `change_dates` VALUES (81, 2016, '02', '2016-02-17');
INSERT INTO `change_dates` VALUES (82, 2016, '02', '2016-02-17');
INSERT INTO `change_dates` VALUES (83, 2016, '02', '2016-02-17');
INSERT INTO `change_dates` VALUES (84, 2016, '02', '2016-02-17');
INSERT INTO `change_dates` VALUES (85, 2017, '01', '2017-01-29');
INSERT INTO `change_dates` VALUES (86, 2017, '01', '2017-01-29');
INSERT INTO `change_dates` VALUES (87, 2017, '01', '2017-01-29');
INSERT INTO `change_dates` VALUES (88, 2017, '01', '2017-01-29');
INSERT INTO `change_dates` VALUES (89, 2017, '01', '2017-01-29');
INSERT INTO `change_dates` VALUES (90, 2017, '01', '2017-01-29');
INSERT INTO `change_dates` VALUES (91, 2018, '05', '2018-05-25');
INSERT INTO `change_dates` VALUES (92, 2018, '05', '2018-05-25');
INSERT INTO `change_dates` VALUES (93, 2018, '05', '2018-05-25');
INSERT INTO `change_dates` VALUES (94, 2016, '01', '2016-01-21');
INSERT INTO `change_dates` VALUES (95, 2016, '01', '2016-01-21');
INSERT INTO `change_dates` VALUES (96, 2016, '01', '2016-01-21');
INSERT INTO `change_dates` VALUES (97, 2016, '09', '2016-09-15');
INSERT INTO `change_dates` VALUES (98, 2016, '09', '2016-09-15');
INSERT INTO `change_dates` VALUES (99, 2017, '06', '2017-06-07');
INSERT INTO `change_dates` VALUES (100, 2017, '06', '2017-06-07');
INSERT INTO `change_dates` VALUES (101, 2017, '06', '2017-06-07');
INSERT INTO `change_dates` VALUES (102, 2017, '06', '2017-06-07');
INSERT INTO `change_dates` VALUES (103, 2017, '12', '2017-12-07');
INSERT INTO `change_dates` VALUES (104, 2017, '12', '2017-12-07');
INSERT INTO `change_dates` VALUES (105, 2017, '12', '2017-12-07');
INSERT INTO `change_dates` VALUES (106, 2017, '12', '2017-12-07');
INSERT INTO `change_dates` VALUES (107, 2017, '12', '2017-12-07');
INSERT INTO `change_dates` VALUES (108, 2017, '12', '2017-12-07');
INSERT INTO `change_dates` VALUES (109, 2016, '07', '2016-07-18');
INSERT INTO `change_dates` VALUES (110, 2016, '07', '2016-07-18');
INSERT INTO `change_dates` VALUES (111, 2016, '07', '2016-07-18');
INSERT INTO `change_dates` VALUES (112, 2016, '07', '2016-07-18');
INSERT INTO `change_dates` VALUES (113, 2016, '07', '2016-07-18');
INSERT INTO `change_dates` VALUES (114, 2016, '07', '2016-07-18');
INSERT INTO `change_dates` VALUES (115, 2016, '02', '2016-02-06');
INSERT INTO `change_dates` VALUES (116, 2016, '02', '2016-02-06');
INSERT INTO `change_dates` VALUES (117, 2016, '02', '2016-02-06');
INSERT INTO `change_dates` VALUES (118, 2016, '02', '2016-02-06');
INSERT INTO `change_dates` VALUES (119, 2016, '02', '2016-02-06');
INSERT INTO `change_dates` VALUES (120, 2016, '02', '2016-02-06');
INSERT INTO `change_dates` VALUES (121, 2016, '07', '2016-07-12');
INSERT INTO `change_dates` VALUES (122, 2016, '07', '2016-07-12');
INSERT INTO `change_dates` VALUES (123, 2016, '07', '2016-07-12');
INSERT INTO `change_dates` VALUES (124, 2016, '07', '2016-07-12');
INSERT INTO `change_dates` VALUES (125, 2016, '07', '2016-07-12');
INSERT INTO `change_dates` VALUES (126, 2016, '07', '2016-07-12');
INSERT INTO `change_dates` VALUES (127, 2016, '02', '2016-02-11');
INSERT INTO `change_dates` VALUES (128, 2016, '02', '2016-02-11');
INSERT INTO `change_dates` VALUES (129, 2016, '02', '2016-02-11');
INSERT INTO `change_dates` VALUES (130, 2016, '02', '2016-02-11');
INSERT INTO `change_dates` VALUES (131, 2016, '02', '2016-02-11');
INSERT INTO `change_dates` VALUES (132, 2016, '02', '2016-02-11');
INSERT INTO `change_dates` VALUES (133, 2017, '04', '2017-04-20');
INSERT INTO `change_dates` VALUES (134, 2017, '04', '2017-04-20');
INSERT INTO `change_dates` VALUES (135, 2017, '04', '2017-04-20');
INSERT INTO `change_dates` VALUES (136, 2017, '04', '2017-04-20');
INSERT INTO `change_dates` VALUES (137, 2017, '04', '2017-04-20');
INSERT INTO `change_dates` VALUES (138, 2017, '04', '2017-04-20');
INSERT INTO `change_dates` VALUES (139, 2017, '04', '2017-04-22');
INSERT INTO `change_dates` VALUES (140, 2017, '04', '2017-04-22');
INSERT INTO `change_dates` VALUES (141, 2017, '04', '2017-04-22');
INSERT INTO `change_dates` VALUES (142, 2017, '04', '2017-04-22');
INSERT INTO `change_dates` VALUES (143, 2017, '04', '2017-04-22');
INSERT INTO `change_dates` VALUES (144, 2017, '04', '2017-04-22');
INSERT INTO `change_dates` VALUES (145, 2018, '09', '2018-09-25');
INSERT INTO `change_dates` VALUES (146, 2018, '09', '2018-09-25');
INSERT INTO `change_dates` VALUES (147, 2018, '09', '2018-09-25');
INSERT INTO `change_dates` VALUES (148, 2018, '09', '2018-09-25');
INSERT INTO `change_dates` VALUES (149, 2018, '09', '2018-09-25');
INSERT INTO `change_dates` VALUES (150, 2018, '09', '2018-09-25');
INSERT INTO `change_dates` VALUES (151, 2016, '04', '2016-04-05');
INSERT INTO `change_dates` VALUES (152, 2016, '04', '2016-04-05');
INSERT INTO `change_dates` VALUES (153, 2016, '04', '2016-04-05');
INSERT INTO `change_dates` VALUES (154, 2016, '04', '2016-04-05');
INSERT INTO `change_dates` VALUES (155, 2016, '04', '2016-04-05');
INSERT INTO `change_dates` VALUES (156, 2016, '04', '2016-04-05');
INSERT INTO `change_dates` VALUES (157, 2017, '03', '2017-03-05');
INSERT INTO `change_dates` VALUES (158, 2017, '03', '2017-03-05');
INSERT INTO `change_dates` VALUES (159, 2017, '03', '2017-03-05');
INSERT INTO `change_dates` VALUES (160, 2017, '03', '2017-03-05');
INSERT INTO `change_dates` VALUES (161, 2017, '03', '2017-03-05');
INSERT INTO `change_dates` VALUES (162, 2017, '03', '2017-03-05');
INSERT INTO `change_dates` VALUES (163, 2017, '12', '2017-12-25');
INSERT INTO `change_dates` VALUES (164, 2018, '06', '2018-06-06');
INSERT INTO `change_dates` VALUES (165, 2018, '06', '2018-06-06');
INSERT INTO `change_dates` VALUES (166, 2018, '06', '2018-06-06');
INSERT INTO `change_dates` VALUES (167, 2018, '06', '2018-06-06');
INSERT INTO `change_dates` VALUES (168, 2018, '06', '2018-06-06');
INSERT INTO `change_dates` VALUES (169, 2017, '05', '2017-05-10');
INSERT INTO `change_dates` VALUES (170, 2017, '05', '2017-05-10');
INSERT INTO `change_dates` VALUES (171, 2017, '05', '2017-05-10');
INSERT INTO `change_dates` VALUES (172, 2017, '05', '2017-05-10');
INSERT INTO `change_dates` VALUES (173, 2017, '05', '2017-05-10');
INSERT INTO `change_dates` VALUES (174, 2016, '07', '2016-07-07');
INSERT INTO `change_dates` VALUES (175, 2016, '07', '2016-07-18');
INSERT INTO `change_dates` VALUES (176, 2016, '07', '2016-07-18');
INSERT INTO `change_dates` VALUES (177, 2016, '07', '2016-07-18');
INSERT INTO `change_dates` VALUES (178, 2016, '07', '2016-07-18');
INSERT INTO `change_dates` VALUES (179, 2016, '07', '2016-07-18');
INSERT INTO `change_dates` VALUES (180, 2016, '07', '2016-07-18');
INSERT INTO `change_dates` VALUES (181, 2016, '12', '2016-12-12');
INSERT INTO `change_dates` VALUES (182, 2016, '12', '2016-12-12');
INSERT INTO `change_dates` VALUES (183, 2016, '12', '2016-12-12');
INSERT INTO `change_dates` VALUES (184, 2016, '12', '2016-12-12');
INSERT INTO `change_dates` VALUES (185, 2016, '12', '2016-12-12');
INSERT INTO `change_dates` VALUES (186, 2016, '12', '2016-12-12');
INSERT INTO `change_dates` VALUES (187, 2016, '11', '2016-11-23');
INSERT INTO `change_dates` VALUES (188, 2016, '11', '2016-11-23');
INSERT INTO `change_dates` VALUES (189, 2016, '11', '2016-11-23');
INSERT INTO `change_dates` VALUES (190, 2016, '11', '2016-11-23');
INSERT INTO `change_dates` VALUES (191, 2016, '11', '2016-11-23');
INSERT INTO `change_dates` VALUES (192, 2016, '11', '2016-11-23');
INSERT INTO `change_dates` VALUES (193, 2016, '12', '2016-12-16');
INSERT INTO `change_dates` VALUES (194, 2016, '12', '2016-12-16');
INSERT INTO `change_dates` VALUES (195, 2016, '12', '2016-12-16');
INSERT INTO `change_dates` VALUES (196, 2016, '12', '2016-12-16');
INSERT INTO `change_dates` VALUES (197, 2017, '08', '2017-08-31');
INSERT INTO `change_dates` VALUES (198, 2017, '08', '2017-08-31');
INSERT INTO `change_dates` VALUES (199, 2017, '04', '2017-04-07');
INSERT INTO `change_dates` VALUES (200, 2017, '04', '2017-04-07');
INSERT INTO `change_dates` VALUES (201, 2017, '04', '2017-04-07');
INSERT INTO `change_dates` VALUES (202, 2017, '04', '2017-04-07');
INSERT INTO `change_dates` VALUES (203, 2017, '04', '2017-04-07');
INSERT INTO `change_dates` VALUES (204, 2017, '04', '2017-04-07');
INSERT INTO `change_dates` VALUES (205, 2016, '07', '2016-07-11');
INSERT INTO `change_dates` VALUES (206, 2016, '07', '2016-07-11');
INSERT INTO `change_dates` VALUES (207, 2016, '07', '2016-07-11');
INSERT INTO `change_dates` VALUES (208, 2016, '07', '2016-07-11');
INSERT INTO `change_dates` VALUES (209, 2017, '03', '2017-03-15');
INSERT INTO `change_dates` VALUES (210, 2017, '03', '2017-03-15');
INSERT INTO `change_dates` VALUES (211, 2017, '12', '2017-12-24');
INSERT INTO `change_dates` VALUES (212, 2017, '12', '2017-12-24');
INSERT INTO `change_dates` VALUES (213, 2017, '12', '2017-12-24');
INSERT INTO `change_dates` VALUES (214, 2017, '12', '2017-12-24');
INSERT INTO `change_dates` VALUES (215, 2016, '02', '2016-02-21');
INSERT INTO `change_dates` VALUES (216, 2016, '02', '2016-02-21');
INSERT INTO `change_dates` VALUES (217, 2016, '03', '2016-03-25');
INSERT INTO `change_dates` VALUES (218, 2016, '03', '2016-03-25');
INSERT INTO `change_dates` VALUES (219, 2016, '03', '2016-03-25');
INSERT INTO `change_dates` VALUES (220, 2016, '03', '2016-03-25');
INSERT INTO `change_dates` VALUES (221, 2016, '03', '2016-03-25');
INSERT INTO `change_dates` VALUES (222, 2016, '03', '2016-03-25');
INSERT INTO `change_dates` VALUES (223, 2016, '05', '2016-05-26');
INSERT INTO `change_dates` VALUES (224, 2016, '05', '2016-05-26');
INSERT INTO `change_dates` VALUES (225, 2016, '05', '2016-05-26');
INSERT INTO `change_dates` VALUES (226, 2016, '05', '2016-05-26');
INSERT INTO `change_dates` VALUES (227, 2016, '05', '2016-05-26');
INSERT INTO `change_dates` VALUES (228, 2016, '05', '2016-05-26');
INSERT INTO `change_dates` VALUES (229, 2017, '05', '2017-05-21');
INSERT INTO `change_dates` VALUES (230, 2017, '05', '2017-05-21');
INSERT INTO `change_dates` VALUES (231, 2017, '05', '2017-05-21');
INSERT INTO `change_dates` VALUES (232, 2017, '05', '2017-05-21');
INSERT INTO `change_dates` VALUES (233, 2017, '05', '2017-05-21');
INSERT INTO `change_dates` VALUES (234, 2017, '05', '2017-05-21');
INSERT INTO `change_dates` VALUES (235, 2016, '06', '2016-06-11');
INSERT INTO `change_dates` VALUES (236, 2016, '06', '2016-06-11');
INSERT INTO `change_dates` VALUES (237, 2016, '06', '2016-06-11');
INSERT INTO `change_dates` VALUES (238, 2016, '06', '2016-06-11');
INSERT INTO `change_dates` VALUES (239, 2016, '06', '2016-06-11');
INSERT INTO `change_dates` VALUES (240, 2016, '06', '2016-06-11');
INSERT INTO `change_dates` VALUES (241, 2016, '02', '2016-02-10');
INSERT INTO `change_dates` VALUES (242, 2016, '02', '2016-02-10');
INSERT INTO `change_dates` VALUES (243, 2016, '02', '2016-02-10');
INSERT INTO `change_dates` VALUES (244, 2016, '02', '2016-02-10');
INSERT INTO `change_dates` VALUES (245, 2016, '02', '2016-02-10');
INSERT INTO `change_dates` VALUES (246, 2016, '02', '2016-02-10');
INSERT INTO `change_dates` VALUES (247, 2018, '01', '2018-01-12');
INSERT INTO `change_dates` VALUES (248, 2018, '01', '2018-01-12');
INSERT INTO `change_dates` VALUES (249, 2018, '01', '2018-01-12');
INSERT INTO `change_dates` VALUES (250, 2018, '01', '2018-01-12');
INSERT INTO `change_dates` VALUES (251, 2018, '01', '2018-01-12');
INSERT INTO `change_dates` VALUES (252, 2018, '01', '2018-01-12');
INSERT INTO `change_dates` VALUES (253, 2018, '10', '2018-10-13');
INSERT INTO `change_dates` VALUES (254, 2018, '10', '2018-10-13');
INSERT INTO `change_dates` VALUES (255, 2018, '10', '2018-10-13');
INSERT INTO `change_dates` VALUES (256, 2018, '10', '2018-10-13');
INSERT INTO `change_dates` VALUES (257, 2018, '10', '2018-10-13');
INSERT INTO `change_dates` VALUES (258, 2017, '08', '2017-08-14');
INSERT INTO `change_dates` VALUES (259, 2018, '02', '2018-02-22');
INSERT INTO `change_dates` VALUES (260, 2018, '01', '2018-01-08');
INSERT INTO `change_dates` VALUES (261, 2018, '01', '2018-01-08');
INSERT INTO `change_dates` VALUES (262, 2018, '08', '2018-08-17');
INSERT INTO `change_dates` VALUES (263, 2018, '08', '2018-08-17');
INSERT INTO `change_dates` VALUES (264, 2018, '08', '2018-08-17');
INSERT INTO `change_dates` VALUES (265, 2017, '09', '2017-09-14');
INSERT INTO `change_dates` VALUES (266, 2017, '09', '2017-09-14');
INSERT INTO `change_dates` VALUES (267, 2017, '09', '2017-09-14');
INSERT INTO `change_dates` VALUES (268, 2017, '09', '2017-09-14');
INSERT INTO `change_dates` VALUES (269, 2017, '09', '2017-09-14');
INSERT INTO `change_dates` VALUES (270, 2017, '09', '2017-09-14');
INSERT INTO `change_dates` VALUES (271, 2017, '04', '2017-04-15');
INSERT INTO `change_dates` VALUES (272, 2017, '04', '2017-04-15');
INSERT INTO `change_dates` VALUES (273, 2017, '04', '2017-04-15');
INSERT INTO `change_dates` VALUES (274, 2017, '04', '2017-04-15');
INSERT INTO `change_dates` VALUES (275, 2017, '04', '2017-04-15');
INSERT INTO `change_dates` VALUES (276, 2017, '04', '2017-04-15');
INSERT INTO `change_dates` VALUES (277, 2018, '05', '2018-05-10');
INSERT INTO `change_dates` VALUES (278, 2018, '05', '2018-05-10');
INSERT INTO `change_dates` VALUES (279, 2018, '05', '2018-05-10');
INSERT INTO `change_dates` VALUES (280, 2018, '05', '2018-05-10');
INSERT INTO `change_dates` VALUES (281, 2018, '05', '2018-05-10');
INSERT INTO `change_dates` VALUES (282, 2018, '05', '2018-05-10');
INSERT INTO `change_dates` VALUES (283, 2018, '03', '2018-03-10');
INSERT INTO `change_dates` VALUES (284, 2017, '06', '2017-06-07');
INSERT INTO `change_dates` VALUES (285, 2017, '06', '2017-06-07');
INSERT INTO `change_dates` VALUES (286, 2017, '06', '2017-06-07');
INSERT INTO `change_dates` VALUES (287, 2017, '06', '2017-06-07');
INSERT INTO `change_dates` VALUES (288, 2017, '06', '2017-06-07');
INSERT INTO `change_dates` VALUES (289, 2018, '08', '2018-08-24');
INSERT INTO `change_dates` VALUES (290, 2018, '08', '2018-08-24');
INSERT INTO `change_dates` VALUES (291, 2018, '08', '2018-08-24');
INSERT INTO `change_dates` VALUES (292, 2016, '09', '2016-09-07');
INSERT INTO `change_dates` VALUES (293, 2016, '09', '2016-09-07');
INSERT INTO `change_dates` VALUES (294, 2016, '09', '2016-09-07');
INSERT INTO `change_dates` VALUES (295, 2018, '02', '2018-02-14');
INSERT INTO `change_dates` VALUES (296, 2018, '02', '2018-02-14');
INSERT INTO `change_dates` VALUES (297, 2018, '02', '2018-02-14');
INSERT INTO `change_dates` VALUES (298, 2018, '02', '2018-02-14');
INSERT INTO `change_dates` VALUES (299, 2018, '02', '2018-02-14');
INSERT INTO `change_dates` VALUES (300, 2018, '02', '2018-02-14');
INSERT INTO `change_dates` VALUES (301, 2016, '11', '2016-11-01');
INSERT INTO `change_dates` VALUES (302, 2016, '11', '2016-11-21');
INSERT INTO `change_dates` VALUES (303, 2016, '11', '2016-11-21');
INSERT INTO `change_dates` VALUES (304, 2016, '11', '2016-11-21');
INSERT INTO `change_dates` VALUES (305, 2016, '11', '2016-11-21');
INSERT INTO `change_dates` VALUES (306, 2016, '11', '2016-11-21');
INSERT INTO `change_dates` VALUES (307, 2016, '05', '2016-05-19');
INSERT INTO `change_dates` VALUES (308, 2016, '05', '2016-05-19');
INSERT INTO `change_dates` VALUES (309, 2016, '05', '2016-05-19');
INSERT INTO `change_dates` VALUES (310, 2016, '05', '2016-05-19');
INSERT INTO `change_dates` VALUES (311, 2016, '05', '2016-05-19');
INSERT INTO `change_dates` VALUES (312, 2016, '05', '2016-05-19');
INSERT INTO `change_dates` VALUES (313, 2018, '04', '2018-04-07');
INSERT INTO `change_dates` VALUES (314, 2018, '04', '2018-04-07');
INSERT INTO `change_dates` VALUES (315, 2018, '04', '2018-04-07');
INSERT INTO `change_dates` VALUES (316, 2018, '04', '2018-04-07');
INSERT INTO `change_dates` VALUES (317, 2018, '04', '2018-04-07');
INSERT INTO `change_dates` VALUES (318, 2018, '04', '2018-04-07');
INSERT INTO `change_dates` VALUES (319, 2018, '05', '2018-05-15');
INSERT INTO `change_dates` VALUES (320, 2018, '05', '2018-05-15');
INSERT INTO `change_dates` VALUES (321, 2018, '05', '2018-05-15');
INSERT INTO `change_dates` VALUES (322, 2018, '05', '2018-05-15');
INSERT INTO `change_dates` VALUES (323, 2018, '05', '2018-05-15');
INSERT INTO `change_dates` VALUES (324, 2018, '05', '2018-05-15');
INSERT INTO `change_dates` VALUES (325, 2016, '03', '2016-03-11');
INSERT INTO `change_dates` VALUES (326, 2016, '06', '2016-06-05');
INSERT INTO `change_dates` VALUES (327, 2016, '06', '2016-06-05');
INSERT INTO `change_dates` VALUES (328, 2016, '06', '2016-06-05');
INSERT INTO `change_dates` VALUES (329, 2016, '04', '2016-04-06');
INSERT INTO `change_dates` VALUES (330, 2016, '04', '2016-04-06');
INSERT INTO `change_dates` VALUES (331, 2016, '03', '2016-03-20');
INSERT INTO `change_dates` VALUES (332, 2016, '03', '2016-03-20');
INSERT INTO `change_dates` VALUES (333, 2016, '03', '2016-03-20');
INSERT INTO `change_dates` VALUES (334, 2016, '03', '2016-03-20');
INSERT INTO `change_dates` VALUES (335, 2016, '03', '2016-03-20');
INSERT INTO `change_dates` VALUES (336, 2016, '03', '2016-03-20');
INSERT INTO `change_dates` VALUES (337, 2018, '08', '2018-08-13');
INSERT INTO `change_dates` VALUES (338, 2018, '08', '2018-08-13');
INSERT INTO `change_dates` VALUES (339, 2018, '08', '2018-08-13');
INSERT INTO `change_dates` VALUES (340, 2017, '06', '2017-06-08');
INSERT INTO `change_dates` VALUES (341, 2017, '06', '2017-06-08');
INSERT INTO `change_dates` VALUES (342, 2017, '06', '2017-06-08');
INSERT INTO `change_dates` VALUES (343, 2017, '07', '2017-07-21');
INSERT INTO `change_dates` VALUES (344, 2017, '07', '2017-07-21');
INSERT INTO `change_dates` VALUES (345, 2017, '07', '2017-07-21');
INSERT INTO `change_dates` VALUES (346, 2017, '07', '2017-07-21');
INSERT INTO `change_dates` VALUES (347, 2017, '08', '2017-08-29');
INSERT INTO `change_dates` VALUES (348, 2017, '08', '2017-08-29');
INSERT INTO `change_dates` VALUES (349, 2016, '01', '2016-01-15');
INSERT INTO `change_dates` VALUES (350, 2016, '01', '2016-01-15');
INSERT INTO `change_dates` VALUES (351, 2016, '01', '2016-01-15');
INSERT INTO `change_dates` VALUES (352, 2016, '01', '2016-01-15');
INSERT INTO `change_dates` VALUES (353, 2016, '01', '2016-01-15');
INSERT INTO `change_dates` VALUES (354, 2016, '08', '2016-08-13');
INSERT INTO `change_dates` VALUES (355, 2018, '04', '2018-04-21');
INSERT INTO `change_dates` VALUES (356, 2018, '04', '2018-04-21');
INSERT INTO `change_dates` VALUES (357, 2018, '04', '2018-04-21');
INSERT INTO `change_dates` VALUES (358, 2018, '04', '2018-04-21');
INSERT INTO `change_dates` VALUES (359, 2018, '04', '2018-04-21');
INSERT INTO `change_dates` VALUES (360, 2016, '09', '2016-09-17');
INSERT INTO `change_dates` VALUES (361, 2018, '04', '2018-04-15');
INSERT INTO `change_dates` VALUES (362, 2018, '04', '2018-04-15');
INSERT INTO `change_dates` VALUES (363, 2018, '04', '2018-04-15');
INSERT INTO `change_dates` VALUES (364, 2018, '04', '2018-04-15');

-- ----------------------------
-- Table structure for change_fact
-- ----------------------------
DROP TABLE IF EXISTS `change_fact`;
CREATE TABLE `change_fact`  (
  `id` int(10) UNSIGNED NOT NULL AUTO_INCREMENT,
  `datesId` int(10) UNSIGNED NULL DEFAULT NULL,
  `areaId` int(10) UNSIGNED NULL DEFAULT NULL,
  `goodsId` int(10) UNSIGNED NULL DEFAULT NULL,
  `customerId` int(10) UNSIGNED NULL DEFAULT NULL,
  `total` float NULL DEFAULT NULL,
  `price` float NULL DEFAULT NULL,
  `amount` int(10) UNSIGNED NULL DEFAULT NULL,
  PRIMARY KEY (`id`) USING BTREE
) ENGINE = InnoDB AUTO_INCREMENT = 365 CHARACTER SET = utf8 COLLATE = utf8_general_ci ROW_FORMAT = Compact;

-- ----------------------------
-- Records of change_fact
-- ----------------------------
INSERT INTO `change_fact` VALUES (1, 1, 7, 1, 7, 99.5, 19.9, 5);
INSERT INTO `change_fact` VALUES (2, 2, 8, 4, 8, 545, 109, 5);
INSERT INTO `change_fact` VALUES (3, 3, 5, 3, 5, 299.5, 59.9, 5);
INSERT INTO `change_fact` VALUES (4, 4, 5, 2, 5, 344.5, 68.9, 5);
INSERT INTO `change_fact` VALUES (5, 5, 9, 4, 9, 545, 109, 5);
INSERT INTO `change_fact` VALUES (6, 6, 4, 4, 4, 545, 109, 5);
INSERT INTO `change_fact` VALUES (7, 7, 6, 4, 6, 545, 109, 5);
INSERT INTO `change_fact` VALUES (8, 8, 1, 4, 1, 545, 109, 5);
INSERT INTO `change_fact` VALUES (9, 9, 2, 5, 2, 139.5, 27.9, 5);
INSERT INTO `change_fact` VALUES (10, 10, 1, 3, 1, 299.5, 59.9, 5);
INSERT INTO `change_fact` VALUES (11, 11, 1, 4, 1, 545, 109, 5);
INSERT INTO `change_fact` VALUES (12, 12, 8, 1, 8, 99.5, 19.9, 5);
INSERT INTO `change_fact` VALUES (13, 13, 2, 4, 2, 545, 109, 5);
INSERT INTO `change_fact` VALUES (14, 14, 7, 1, 7, 99.5, 19.9, 5);
INSERT INTO `change_fact` VALUES (15, 15, 6, 4, 6, 545, 109, 5);
INSERT INTO `change_fact` VALUES (16, 16, 3, 6, 3, 249.5, 49.9, 5);
INSERT INTO `change_fact` VALUES (17, 17, 6, 6, 6, 249.5, 49.9, 5);
INSERT INTO `change_fact` VALUES (18, 18, 5, 4, 5, 545, 109, 5);
INSERT INTO `change_fact` VALUES (19, 19, 6, 3, 6, 299.5, 59.9, 5);
INSERT INTO `change_fact` VALUES (20, 20, 1, 2, 1, 344.5, 68.9, 5);
INSERT INTO `change_fact` VALUES (21, 21, 9, 3, 9, 299.5, 59.9, 5);
INSERT INTO `change_fact` VALUES (22, 22, 8, 2, 8, 344.5, 68.9, 5);
INSERT INTO `change_fact` VALUES (23, 23, 1, 2, 1, 344.5, 68.9, 5);
INSERT INTO `change_fact` VALUES (24, 24, 5, 4, 5, 545, 109, 5);
INSERT INTO `change_fact` VALUES (25, 25, 1, 1, 1, 99.5, 19.9, 5);
INSERT INTO `change_fact` VALUES (26, 26, 6, 1, 6, 99.5, 19.9, 5);
INSERT INTO `change_fact` VALUES (27, 27, 1, 5, 1, 139.5, 27.9, 5);
INSERT INTO `change_fact` VALUES (28, 28, 7, 2, 7, 344.5, 68.9, 5);
INSERT INTO `change_fact` VALUES (29, 29, 6, 3, 6, 299.5, 59.9, 5);
INSERT INTO `change_fact` VALUES (30, 30, 3, 5, 3, 139.5, 27.9, 5);
INSERT INTO `change_fact` VALUES (31, 31, 8, 2, 8, 344.5, 68.9, 5);
INSERT INTO `change_fact` VALUES (32, 32, 1, 6, 1, 249.5, 49.9, 5);
INSERT INTO `change_fact` VALUES (33, 33, 6, 5, 6, 139.5, 27.9, 5);
INSERT INTO `change_fact` VALUES (34, 34, 8, 3, 8, 299.5, 59.9, 5);
INSERT INTO `change_fact` VALUES (35, 35, 1, 5, 1, 139.5, 27.9, 5);
INSERT INTO `change_fact` VALUES (36, 36, 5, 4, 5, 545, 109, 5);
INSERT INTO `change_fact` VALUES (37, 37, 4, 5, 4, 139.5, 27.9, 5);
INSERT INTO `change_fact` VALUES (38, 38, 1, 5, 1, 139.5, 27.9, 5);
INSERT INTO `change_fact` VALUES (39, 39, 2, 4, 2, 545, 109, 5);
INSERT INTO `change_fact` VALUES (40, 40, 1, 6, 1, 249.5, 49.9, 5);
INSERT INTO `change_fact` VALUES (41, 41, 2, 6, 2, 249.5, 49.9, 5);
INSERT INTO `change_fact` VALUES (42, 42, 7, 3, 7, 299.5, 59.9, 5);
INSERT INTO `change_fact` VALUES (43, 43, 4, 3, 4, 299.5, 59.9, 5);
INSERT INTO `change_fact` VALUES (44, 44, 8, 2, 8, 344.5, 68.9, 5);
INSERT INTO `change_fact` VALUES (45, 45, 8, 5, 8, 139.5, 27.9, 5);
INSERT INTO `change_fact` VALUES (46, 46, 1, 1, 1, 99.5, 19.9, 5);
INSERT INTO `change_fact` VALUES (47, 47, 3, 2, 3, 344.5, 68.9, 5);
INSERT INTO `change_fact` VALUES (48, 48, 7, 6, 7, 249.5, 49.9, 5);
INSERT INTO `change_fact` VALUES (49, 49, 5, 3, 5, 299.5, 59.9, 5);
INSERT INTO `change_fact` VALUES (50, 50, 5, 5, 5, 139.5, 27.9, 5);
INSERT INTO `change_fact` VALUES (51, 51, 1, 3, 1, 299.5, 59.9, 5);
INSERT INTO `change_fact` VALUES (52, 52, 4, 3, 4, 299.5, 59.9, 5);
INSERT INTO `change_fact` VALUES (53, 53, 3, 4, 3, 545, 109, 5);
INSERT INTO `change_fact` VALUES (54, 54, 3, 5, 3, 139.5, 27.9, 5);
INSERT INTO `change_fact` VALUES (55, 55, 6, 6, 6, 249.5, 49.9, 5);
INSERT INTO `change_fact` VALUES (56, 56, 3, 1, 3, 99.5, 19.9, 5);
INSERT INTO `change_fact` VALUES (57, 57, 2, 2, 2, 344.5, 68.9, 5);
INSERT INTO `change_fact` VALUES (58, 58, 4, 3, 4, 299.5, 59.9, 5);
INSERT INTO `change_fact` VALUES (59, 59, 4, 6, 4, 249.5, 49.9, 5);
INSERT INTO `change_fact` VALUES (60, 60, 1, 3, 1, 299.5, 59.9, 5);
INSERT INTO `change_fact` VALUES (61, 61, 9, 1, 9, 99.5, 19.9, 5);
INSERT INTO `change_fact` VALUES (62, 62, 2, 4, 2, 545, 109, 5);
INSERT INTO `change_fact` VALUES (63, 63, 4, 1, 4, 99.5, 19.9, 5);
INSERT INTO `change_fact` VALUES (64, 64, 9, 2, 9, 344.5, 68.9, 5);
INSERT INTO `change_fact` VALUES (65, 65, 3, 3, 3, 299.5, 59.9, 5);
INSERT INTO `change_fact` VALUES (66, 66, 8, 2, 8, 344.5, 68.9, 5);
INSERT INTO `change_fact` VALUES (67, 67, 1, 4, 1, 545, 109, 5);
INSERT INTO `change_fact` VALUES (68, 68, 7, 1, 7, 99.5, 19.9, 5);
INSERT INTO `change_fact` VALUES (69, 69, 7, 3, 7, 299.5, 59.9, 5);
INSERT INTO `change_fact` VALUES (70, 70, 1, 1, 1, 99.5, 19.9, 5);
INSERT INTO `change_fact` VALUES (71, 71, 9, 2, 9, 344.5, 68.9, 5);
INSERT INTO `change_fact` VALUES (72, 72, 2, 4, 2, 545, 109, 5);
INSERT INTO `change_fact` VALUES (73, 73, 5, 5, 5, 139.5, 27.9, 5);
INSERT INTO `change_fact` VALUES (74, 74, 9, 1, 9, 99.5, 19.9, 5);
INSERT INTO `change_fact` VALUES (75, 75, 6, 3, 6, 299.5, 59.9, 5);
INSERT INTO `change_fact` VALUES (76, 76, 3, 6, 3, 249.5, 49.9, 5);
INSERT INTO `change_fact` VALUES (77, 77, 7, 5, 7, 139.5, 27.9, 5);
INSERT INTO `change_fact` VALUES (78, 78, 5, 1, 5, 99.5, 19.9, 5);
INSERT INTO `change_fact` VALUES (79, 79, 4, 6, 4, 249.5, 49.9, 5);
INSERT INTO `change_fact` VALUES (80, 80, 3, 5, 3, 139.5, 27.9, 5);
INSERT INTO `change_fact` VALUES (81, 81, 8, 4, 8, 545, 109, 5);
INSERT INTO `change_fact` VALUES (82, 82, 8, 5, 8, 139.5, 27.9, 5);
INSERT INTO `change_fact` VALUES (83, 83, 1, 5, 1, 139.5, 27.9, 5);
INSERT INTO `change_fact` VALUES (84, 84, 1, 2, 1, 344.5, 68.9, 5);
INSERT INTO `change_fact` VALUES (85, 85, 1, 6, 1, 249.5, 49.9, 5);
INSERT INTO `change_fact` VALUES (86, 86, 4, 1, 4, 99.5, 19.9, 5);
INSERT INTO `change_fact` VALUES (87, 87, 5, 5, 5, 139.5, 27.9, 5);
INSERT INTO `change_fact` VALUES (88, 88, 4, 5, 4, 139.5, 27.9, 5);
INSERT INTO `change_fact` VALUES (89, 89, 5, 3, 5, 299.5, 59.9, 5);
INSERT INTO `change_fact` VALUES (90, 90, 4, 2, 4, 344.5, 68.9, 5);
INSERT INTO `change_fact` VALUES (91, 91, 5, 3, 5, 299.5, 59.9, 5);
INSERT INTO `change_fact` VALUES (92, 92, 5, 3, 5, 299.5, 59.9, 5);
INSERT INTO `change_fact` VALUES (93, 93, 4, 6, 4, 249.5, 49.9, 5);
INSERT INTO `change_fact` VALUES (94, 94, 4, 4, 4, 545, 109, 5);
INSERT INTO `change_fact` VALUES (95, 95, 9, 1, 9, 99.5, 19.9, 5);
INSERT INTO `change_fact` VALUES (96, 96, 2, 5, 2, 139.5, 27.9, 5);
INSERT INTO `change_fact` VALUES (97, 97, 5, 6, 5, 249.5, 49.9, 5);
INSERT INTO `change_fact` VALUES (98, 98, 8, 4, 8, 545, 109, 5);
INSERT INTO `change_fact` VALUES (99, 99, 9, 3, 9, 299.5, 59.9, 5);
INSERT INTO `change_fact` VALUES (100, 100, 6, 2, 6, 344.5, 68.9, 5);
INSERT INTO `change_fact` VALUES (101, 101, 5, 3, 5, 299.5, 59.9, 5);
INSERT INTO `change_fact` VALUES (102, 102, 5, 5, 5, 139.5, 27.9, 5);
INSERT INTO `change_fact` VALUES (103, 103, 8, 6, 8, 249.5, 49.9, 5);
INSERT INTO `change_fact` VALUES (104, 104, 1, 1, 1, 99.5, 19.9, 5);
INSERT INTO `change_fact` VALUES (105, 105, 1, 5, 1, 139.5, 27.9, 5);
INSERT INTO `change_fact` VALUES (106, 106, 7, 2, 7, 344.5, 68.9, 5);
INSERT INTO `change_fact` VALUES (107, 107, 7, 6, 7, 249.5, 49.9, 5);
INSERT INTO `change_fact` VALUES (108, 108, 3, 2, 3, 344.5, 68.9, 5);
INSERT INTO `change_fact` VALUES (109, 109, 6, 1, 6, 99.5, 19.9, 5);
INSERT INTO `change_fact` VALUES (110, 110, 1, 2, 1, 344.5, 68.9, 5);
INSERT INTO `change_fact` VALUES (111, 111, 6, 1, 6, 99.5, 19.9, 5);
INSERT INTO `change_fact` VALUES (112, 112, 8, 1, 8, 99.5, 19.9, 5);
INSERT INTO `change_fact` VALUES (113, 113, 6, 6, 6, 249.5, 49.9, 5);
INSERT INTO `change_fact` VALUES (114, 114, 6, 6, 6, 249.5, 49.9, 5);
INSERT INTO `change_fact` VALUES (115, 115, 9, 4, 9, 545, 109, 5);
INSERT INTO `change_fact` VALUES (116, 116, 8, 4, 8, 545, 109, 5);
INSERT INTO `change_fact` VALUES (117, 117, 8, 1, 8, 99.5, 19.9, 5);
INSERT INTO `change_fact` VALUES (118, 118, 6, 1, 6, 99.5, 19.9, 5);
INSERT INTO `change_fact` VALUES (119, 119, 8, 5, 8, 139.5, 27.9, 5);
INSERT INTO `change_fact` VALUES (120, 120, 8, 1, 8, 99.5, 19.9, 5);
INSERT INTO `change_fact` VALUES (121, 121, 4, 1, 4, 99.5, 19.9, 5);
INSERT INTO `change_fact` VALUES (122, 122, 1, 4, 1, 545, 109, 5);
INSERT INTO `change_fact` VALUES (123, 123, 2, 4, 2, 545, 109, 5);
INSERT INTO `change_fact` VALUES (124, 124, 1, 4, 1, 545, 109, 5);
INSERT INTO `change_fact` VALUES (125, 125, 5, 5, 5, 139.5, 27.9, 5);
INSERT INTO `change_fact` VALUES (126, 126, 3, 3, 3, 299.5, 59.9, 5);
INSERT INTO `change_fact` VALUES (127, 127, 6, 4, 6, 545, 109, 5);
INSERT INTO `change_fact` VALUES (128, 128, 2, 5, 2, 139.5, 27.9, 5);
INSERT INTO `change_fact` VALUES (129, 129, 4, 1, 4, 99.5, 19.9, 5);
INSERT INTO `change_fact` VALUES (130, 130, 3, 4, 3, 545, 109, 5);
INSERT INTO `change_fact` VALUES (131, 131, 7, 4, 7, 545, 109, 5);
INSERT INTO `change_fact` VALUES (132, 132, 3, 4, 3, 545, 109, 5);
INSERT INTO `change_fact` VALUES (133, 133, 2, 3, 2, 299.5, 59.9, 5);
INSERT INTO `change_fact` VALUES (134, 134, 1, 4, 1, 545, 109, 5);
INSERT INTO `change_fact` VALUES (135, 135, 3, 1, 3, 99.5, 19.9, 5);
INSERT INTO `change_fact` VALUES (136, 136, 5, 2, 5, 344.5, 68.9, 5);
INSERT INTO `change_fact` VALUES (137, 137, 6, 4, 6, 545, 109, 5);
INSERT INTO `change_fact` VALUES (138, 138, 6, 1, 6, 99.5, 19.9, 5);
INSERT INTO `change_fact` VALUES (139, 139, 5, 4, 5, 545, 109, 5);
INSERT INTO `change_fact` VALUES (140, 140, 3, 5, 3, 139.5, 27.9, 5);
INSERT INTO `change_fact` VALUES (141, 141, 7, 4, 7, 545, 109, 5);
INSERT INTO `change_fact` VALUES (142, 142, 6, 6, 6, 249.5, 49.9, 5);
INSERT INTO `change_fact` VALUES (143, 143, 1, 5, 1, 139.5, 27.9, 5);
INSERT INTO `change_fact` VALUES (144, 144, 4, 4, 4, 545, 109, 5);
INSERT INTO `change_fact` VALUES (145, 145, 3, 5, 3, 139.5, 27.9, 5);
INSERT INTO `change_fact` VALUES (146, 146, 8, 2, 8, 344.5, 68.9, 5);
INSERT INTO `change_fact` VALUES (147, 147, 5, 3, 5, 299.5, 59.9, 5);
INSERT INTO `change_fact` VALUES (148, 148, 2, 6, 2, 249.5, 49.9, 5);
INSERT INTO `change_fact` VALUES (149, 149, 6, 5, 6, 139.5, 27.9, 5);
INSERT INTO `change_fact` VALUES (150, 150, 9, 1, 9, 99.5, 19.9, 5);
INSERT INTO `change_fact` VALUES (151, 151, 6, 2, 6, 344.5, 68.9, 5);
INSERT INTO `change_fact` VALUES (152, 152, 6, 1, 6, 99.5, 19.9, 5);
INSERT INTO `change_fact` VALUES (153, 153, 5, 2, 5, 344.5, 68.9, 5);
INSERT INTO `change_fact` VALUES (154, 154, 4, 4, 4, 545, 109, 5);
INSERT INTO `change_fact` VALUES (155, 155, 1, 1, 1, 99.5, 19.9, 5);
INSERT INTO `change_fact` VALUES (156, 156, 6, 2, 6, 344.5, 68.9, 5);
INSERT INTO `change_fact` VALUES (157, 157, 1, 5, 1, 139.5, 27.9, 5);
INSERT INTO `change_fact` VALUES (158, 158, 4, 1, 4, 99.5, 19.9, 5);
INSERT INTO `change_fact` VALUES (159, 159, 4, 5, 4, 139.5, 27.9, 5);
INSERT INTO `change_fact` VALUES (160, 160, 5, 2, 5, 344.5, 68.9, 5);
INSERT INTO `change_fact` VALUES (161, 161, 9, 2, 9, 344.5, 68.9, 5);
INSERT INTO `change_fact` VALUES (162, 162, 2, 2, 2, 344.5, 68.9, 5);
INSERT INTO `change_fact` VALUES (163, 163, 8, 4, 8, 545, 109, 5);
INSERT INTO `change_fact` VALUES (164, 164, 4, 1, 4, 99.5, 19.9, 5);
INSERT INTO `change_fact` VALUES (165, 165, 1, 1, 1, 99.5, 19.9, 5);
INSERT INTO `change_fact` VALUES (166, 166, 2, 5, 2, 139.5, 27.9, 5);
INSERT INTO `change_fact` VALUES (167, 167, 9, 4, 9, 545, 109, 5);
INSERT INTO `change_fact` VALUES (168, 168, 6, 2, 6, 344.5, 68.9, 5);
INSERT INTO `change_fact` VALUES (169, 169, 8, 2, 8, 344.5, 68.9, 5);
INSERT INTO `change_fact` VALUES (170, 170, 6, 3, 6, 299.5, 59.9, 5);
INSERT INTO `change_fact` VALUES (171, 171, 9, 4, 9, 545, 109, 5);
INSERT INTO `change_fact` VALUES (172, 172, 4, 2, 4, 344.5, 68.9, 5);
INSERT INTO `change_fact` VALUES (173, 173, 7, 5, 7, 139.5, 27.9, 5);
INSERT INTO `change_fact` VALUES (174, 174, 7, 5, 7, 139.5, 27.9, 5);
INSERT INTO `change_fact` VALUES (175, 175, 1, 2, 1, 344.5, 68.9, 5);
INSERT INTO `change_fact` VALUES (176, 176, 2, 4, 2, 545, 109, 5);
INSERT INTO `change_fact` VALUES (177, 177, 2, 1, 2, 99.5, 19.9, 5);
INSERT INTO `change_fact` VALUES (178, 178, 9, 2, 9, 344.5, 68.9, 5);
INSERT INTO `change_fact` VALUES (179, 179, 3, 1, 3, 99.5, 19.9, 5);
INSERT INTO `change_fact` VALUES (180, 180, 6, 4, 6, 545, 109, 5);
INSERT INTO `change_fact` VALUES (181, 181, 8, 3, 8, 299.5, 59.9, 5);
INSERT INTO `change_fact` VALUES (182, 182, 1, 3, 1, 299.5, 59.9, 5);
INSERT INTO `change_fact` VALUES (183, 183, 5, 5, 5, 139.5, 27.9, 5);
INSERT INTO `change_fact` VALUES (184, 184, 4, 1, 4, 99.5, 19.9, 5);
INSERT INTO `change_fact` VALUES (185, 185, 6, 1, 6, 99.5, 19.9, 5);
INSERT INTO `change_fact` VALUES (186, 186, 4, 5, 4, 139.5, 27.9, 5);
INSERT INTO `change_fact` VALUES (187, 187, 8, 1, 8, 99.5, 19.9, 5);
INSERT INTO `change_fact` VALUES (188, 188, 6, 5, 6, 139.5, 27.9, 5);
INSERT INTO `change_fact` VALUES (189, 189, 7, 2, 7, 344.5, 68.9, 5);
INSERT INTO `change_fact` VALUES (190, 190, 2, 5, 2, 139.5, 27.9, 5);
INSERT INTO `change_fact` VALUES (191, 191, 2, 4, 2, 545, 109, 5);
INSERT INTO `change_fact` VALUES (192, 192, 6, 5, 6, 139.5, 27.9, 5);
INSERT INTO `change_fact` VALUES (193, 193, 8, 5, 8, 139.5, 27.9, 5);
INSERT INTO `change_fact` VALUES (194, 194, 8, 4, 8, 545, 109, 5);
INSERT INTO `change_fact` VALUES (195, 195, 6, 6, 6, 249.5, 49.9, 5);
INSERT INTO `change_fact` VALUES (196, 196, 4, 6, 4, 249.5, 49.9, 5);
INSERT INTO `change_fact` VALUES (197, 197, 3, 1, 3, 99.5, 19.9, 5);
INSERT INTO `change_fact` VALUES (198, 198, 8, 5, 8, 139.5, 27.9, 5);
INSERT INTO `change_fact` VALUES (199, 199, 9, 2, 9, 344.5, 68.9, 5);
INSERT INTO `change_fact` VALUES (200, 200, 3, 6, 3, 249.5, 49.9, 5);
INSERT INTO `change_fact` VALUES (201, 201, 6, 2, 6, 344.5, 68.9, 5);
INSERT INTO `change_fact` VALUES (202, 202, 3, 3, 3, 299.5, 59.9, 5);
INSERT INTO `change_fact` VALUES (203, 203, 7, 3, 7, 299.5, 59.9, 5);
INSERT INTO `change_fact` VALUES (204, 204, 1, 5, 1, 139.5, 27.9, 5);
INSERT INTO `change_fact` VALUES (205, 205, 5, 3, 5, 299.5, 59.9, 5);
INSERT INTO `change_fact` VALUES (206, 206, 7, 2, 7, 344.5, 68.9, 5);
INSERT INTO `change_fact` VALUES (207, 207, 1, 4, 1, 545, 109, 5);
INSERT INTO `change_fact` VALUES (208, 208, 8, 1, 8, 99.5, 19.9, 5);
INSERT INTO `change_fact` VALUES (209, 209, 2, 2, 2, 344.5, 68.9, 5);
INSERT INTO `change_fact` VALUES (210, 210, 9, 2, 9, 344.5, 68.9, 5);
INSERT INTO `change_fact` VALUES (211, 211, 7, 1, 7, 99.5, 19.9, 5);
INSERT INTO `change_fact` VALUES (212, 212, 3, 3, 3, 299.5, 59.9, 5);
INSERT INTO `change_fact` VALUES (213, 213, 8, 4, 8, 545, 109, 5);
INSERT INTO `change_fact` VALUES (214, 214, 2, 3, 2, 299.5, 59.9, 5);
INSERT INTO `change_fact` VALUES (215, 215, 5, 4, 5, 545, 109, 5);
INSERT INTO `change_fact` VALUES (216, 216, 6, 5, 6, 139.5, 27.9, 5);
INSERT INTO `change_fact` VALUES (217, 217, 1, 6, 1, 249.5, 49.9, 5);
INSERT INTO `change_fact` VALUES (218, 218, 8, 3, 8, 299.5, 59.9, 5);
INSERT INTO `change_fact` VALUES (219, 219, 6, 3, 6, 299.5, 59.9, 5);
INSERT INTO `change_fact` VALUES (220, 220, 1, 2, 1, 344.5, 68.9, 5);
INSERT INTO `change_fact` VALUES (221, 221, 4, 2, 4, 344.5, 68.9, 5);
INSERT INTO `change_fact` VALUES (222, 222, 6, 1, 6, 99.5, 19.9, 5);
INSERT INTO `change_fact` VALUES (223, 223, 3, 5, 3, 139.5, 27.9, 5);
INSERT INTO `change_fact` VALUES (224, 224, 5, 2, 5, 344.5, 68.9, 5);
INSERT INTO `change_fact` VALUES (225, 225, 4, 6, 4, 249.5, 49.9, 5);
INSERT INTO `change_fact` VALUES (226, 226, 8, 3, 8, 299.5, 59.9, 5);
INSERT INTO `change_fact` VALUES (227, 227, 2, 2, 2, 344.5, 68.9, 5);
INSERT INTO `change_fact` VALUES (228, 228, 6, 5, 6, 139.5, 27.9, 5);
INSERT INTO `change_fact` VALUES (229, 229, 5, 1, 5, 99.5, 19.9, 5);
INSERT INTO `change_fact` VALUES (230, 230, 9, 6, 9, 249.5, 49.9, 5);
INSERT INTO `change_fact` VALUES (231, 231, 9, 4, 9, 545, 109, 5);
INSERT INTO `change_fact` VALUES (232, 232, 5, 3, 5, 299.5, 59.9, 5);
INSERT INTO `change_fact` VALUES (233, 233, 5, 4, 5, 545, 109, 5);
INSERT INTO `change_fact` VALUES (234, 234, 1, 1, 1, 99.5, 19.9, 5);
INSERT INTO `change_fact` VALUES (235, 235, 9, 1, 9, 99.5, 19.9, 5);
INSERT INTO `change_fact` VALUES (236, 236, 3, 2, 3, 344.5, 68.9, 5);
INSERT INTO `change_fact` VALUES (237, 237, 3, 5, 3, 139.5, 27.9, 5);
INSERT INTO `change_fact` VALUES (238, 238, 9, 1, 9, 99.5, 19.9, 5);
INSERT INTO `change_fact` VALUES (239, 239, 1, 2, 1, 344.5, 68.9, 5);
INSERT INTO `change_fact` VALUES (240, 240, 3, 5, 3, 139.5, 27.9, 5);
INSERT INTO `change_fact` VALUES (241, 241, 6, 2, 6, 344.5, 68.9, 5);
INSERT INTO `change_fact` VALUES (242, 242, 7, 6, 7, 249.5, 49.9, 5);
INSERT INTO `change_fact` VALUES (243, 243, 9, 3, 9, 299.5, 59.9, 5);
INSERT INTO `change_fact` VALUES (244, 244, 6, 5, 6, 139.5, 27.9, 5);
INSERT INTO `change_fact` VALUES (245, 245, 2, 2, 2, 344.5, 68.9, 5);
INSERT INTO `change_fact` VALUES (246, 246, 9, 2, 9, 344.5, 68.9, 5);
INSERT INTO `change_fact` VALUES (247, 247, 4, 3, 4, 299.5, 59.9, 5);
INSERT INTO `change_fact` VALUES (248, 248, 4, 6, 4, 249.5, 49.9, 5);
INSERT INTO `change_fact` VALUES (249, 249, 1, 2, 1, 344.5, 68.9, 5);
INSERT INTO `change_fact` VALUES (250, 250, 7, 6, 7, 249.5, 49.9, 5);
INSERT INTO `change_fact` VALUES (251, 251, 4, 4, 4, 545, 109, 5);
INSERT INTO `change_fact` VALUES (252, 252, 8, 4, 8, 545, 109, 5);
INSERT INTO `change_fact` VALUES (253, 253, 1, 4, 1, 545, 109, 5);
INSERT INTO `change_fact` VALUES (254, 254, 1, 2, 1, 344.5, 68.9, 5);
INSERT INTO `change_fact` VALUES (255, 255, 6, 6, 6, 249.5, 49.9, 5);
INSERT INTO `change_fact` VALUES (256, 256, 7, 3, 7, 299.5, 59.9, 5);
INSERT INTO `change_fact` VALUES (257, 257, 5, 6, 5, 249.5, 49.9, 5);
INSERT INTO `change_fact` VALUES (258, 258, 6, 2, 6, 344.5, 68.9, 5);
INSERT INTO `change_fact` VALUES (259, 259, 7, 1, 7, 99.5, 19.9, 5);
INSERT INTO `change_fact` VALUES (260, 260, 9, 1, 9, 99.5, 19.9, 5);
INSERT INTO `change_fact` VALUES (261, 261, 8, 5, 8, 139.5, 27.9, 5);
INSERT INTO `change_fact` VALUES (262, 262, 2, 3, 2, 299.5, 59.9, 5);
INSERT INTO `change_fact` VALUES (263, 263, 7, 5, 7, 139.5, 27.9, 5);
INSERT INTO `change_fact` VALUES (264, 264, 4, 2, 4, 344.5, 68.9, 5);
INSERT INTO `change_fact` VALUES (265, 265, 5, 3, 5, 299.5, 59.9, 5);
INSERT INTO `change_fact` VALUES (266, 266, 7, 2, 7, 344.5, 68.9, 5);
INSERT INTO `change_fact` VALUES (267, 267, 3, 5, 3, 139.5, 27.9, 5);
INSERT INTO `change_fact` VALUES (268, 268, 1, 6, 1, 249.5, 49.9, 5);
INSERT INTO `change_fact` VALUES (269, 269, 6, 3, 6, 299.5, 59.9, 5);
INSERT INTO `change_fact` VALUES (270, 270, 2, 4, 2, 545, 109, 5);
INSERT INTO `change_fact` VALUES (271, 271, 8, 4, 8, 545, 109, 5);
INSERT INTO `change_fact` VALUES (272, 272, 9, 6, 9, 249.5, 49.9, 5);
INSERT INTO `change_fact` VALUES (273, 273, 9, 4, 9, 545, 109, 5);
INSERT INTO `change_fact` VALUES (274, 274, 9, 4, 9, 545, 109, 5);
INSERT INTO `change_fact` VALUES (275, 275, 9, 4, 9, 545, 109, 5);
INSERT INTO `change_fact` VALUES (276, 276, 6, 4, 6, 545, 109, 5);
INSERT INTO `change_fact` VALUES (277, 277, 7, 2, 7, 344.5, 68.9, 5);
INSERT INTO `change_fact` VALUES (278, 278, 9, 1, 9, 99.5, 19.9, 5);
INSERT INTO `change_fact` VALUES (279, 279, 7, 3, 7, 299.5, 59.9, 5);
INSERT INTO `change_fact` VALUES (280, 280, 1, 1, 1, 99.5, 19.9, 5);
INSERT INTO `change_fact` VALUES (281, 281, 6, 6, 6, 249.5, 49.9, 5);
INSERT INTO `change_fact` VALUES (282, 282, 2, 2, 2, 344.5, 68.9, 5);
INSERT INTO `change_fact` VALUES (283, 283, 7, 1, 7, 99.5, 19.9, 5);
INSERT INTO `change_fact` VALUES (284, 284, 7, 3, 7, 299.5, 59.9, 5);
INSERT INTO `change_fact` VALUES (285, 285, 3, 1, 3, 99.5, 19.9, 5);
INSERT INTO `change_fact` VALUES (286, 286, 2, 4, 2, 545, 109, 5);
INSERT INTO `change_fact` VALUES (287, 287, 6, 4, 6, 545, 109, 5);
INSERT INTO `change_fact` VALUES (288, 288, 5, 2, 5, 344.5, 68.9, 5);
INSERT INTO `change_fact` VALUES (289, 289, 8, 5, 8, 139.5, 27.9, 5);
INSERT INTO `change_fact` VALUES (290, 290, 5, 4, 5, 545, 109, 5);
INSERT INTO `change_fact` VALUES (291, 291, 9, 3, 9, 299.5, 59.9, 5);
INSERT INTO `change_fact` VALUES (292, 292, 4, 3, 4, 299.5, 59.9, 5);
INSERT INTO `change_fact` VALUES (293, 293, 2, 6, 2, 249.5, 49.9, 5);
INSERT INTO `change_fact` VALUES (294, 294, 4, 3, 4, 299.5, 59.9, 5);
INSERT INTO `change_fact` VALUES (295, 295, 9, 1, 9, 99.5, 19.9, 5);
INSERT INTO `change_fact` VALUES (296, 296, 2, 6, 2, 249.5, 49.9, 5);
INSERT INTO `change_fact` VALUES (297, 297, 8, 2, 8, 344.5, 68.9, 5);
INSERT INTO `change_fact` VALUES (298, 298, 8, 1, 8, 99.5, 19.9, 5);
INSERT INTO `change_fact` VALUES (299, 299, 4, 1, 4, 99.5, 19.9, 5);
INSERT INTO `change_fact` VALUES (300, 300, 1, 1, 1, 99.5, 19.9, 5);
INSERT INTO `change_fact` VALUES (301, 301, 5, 1, 5, 99.5, 19.9, 5);
INSERT INTO `change_fact` VALUES (302, 302, 2, 4, 2, 545, 109, 5);
INSERT INTO `change_fact` VALUES (303, 303, 2, 6, 2, 249.5, 49.9, 5);
INSERT INTO `change_fact` VALUES (304, 304, 8, 5, 8, 139.5, 27.9, 5);
INSERT INTO `change_fact` VALUES (305, 305, 2, 2, 2, 344.5, 68.9, 5);
INSERT INTO `change_fact` VALUES (306, 306, 4, 3, 4, 299.5, 59.9, 5);
INSERT INTO `change_fact` VALUES (307, 307, 9, 6, 9, 249.5, 49.9, 5);
INSERT INTO `change_fact` VALUES (308, 308, 2, 5, 2, 139.5, 27.9, 5);
INSERT INTO `change_fact` VALUES (309, 309, 7, 6, 7, 249.5, 49.9, 5);
INSERT INTO `change_fact` VALUES (310, 310, 6, 3, 6, 299.5, 59.9, 5);
INSERT INTO `change_fact` VALUES (311, 311, 1, 4, 1, 545, 109, 5);
INSERT INTO `change_fact` VALUES (312, 312, 9, 4, 9, 545, 109, 5);
INSERT INTO `change_fact` VALUES (313, 313, 4, 1, 4, 99.5, 19.9, 5);
INSERT INTO `change_fact` VALUES (314, 314, 6, 4, 6, 545, 109, 5);
INSERT INTO `change_fact` VALUES (315, 315, 2, 4, 2, 545, 109, 5);
INSERT INTO `change_fact` VALUES (316, 316, 6, 4, 6, 545, 109, 5);
INSERT INTO `change_fact` VALUES (317, 317, 2, 4, 2, 545, 109, 5);
INSERT INTO `change_fact` VALUES (318, 318, 7, 4, 7, 545, 109, 5);
INSERT INTO `change_fact` VALUES (319, 319, 3, 2, 3, 344.5, 68.9, 5);
INSERT INTO `change_fact` VALUES (320, 320, 4, 5, 4, 139.5, 27.9, 5);
INSERT INTO `change_fact` VALUES (321, 321, 6, 6, 6, 249.5, 49.9, 5);
INSERT INTO `change_fact` VALUES (322, 322, 2, 6, 2, 249.5, 49.9, 5);
INSERT INTO `change_fact` VALUES (323, 323, 7, 4, 7, 545, 109, 5);
INSERT INTO `change_fact` VALUES (324, 324, 9, 3, 9, 299.5, 59.9, 5);
INSERT INTO `change_fact` VALUES (325, 325, 6, 2, 6, 344.5, 68.9, 5);
INSERT INTO `change_fact` VALUES (326, 326, 6, 6, 6, 249.5, 49.9, 5);
INSERT INTO `change_fact` VALUES (327, 327, 2, 5, 2, 139.5, 27.9, 5);
INSERT INTO `change_fact` VALUES (328, 328, 9, 3, 9, 299.5, 59.9, 5);
INSERT INTO `change_fact` VALUES (329, 329, 7, 2, 7, 344.5, 68.9, 5);
INSERT INTO `change_fact` VALUES (330, 330, 4, 1, 4, 99.5, 19.9, 5);
INSERT INTO `change_fact` VALUES (331, 331, 1, 4, 1, 545, 109, 5);
INSERT INTO `change_fact` VALUES (332, 332, 5, 3, 5, 299.5, 59.9, 5);
INSERT INTO `change_fact` VALUES (333, 333, 2, 5, 2, 139.5, 27.9, 5);
INSERT INTO `change_fact` VALUES (334, 334, 6, 1, 6, 99.5, 19.9, 5);
INSERT INTO `change_fact` VALUES (335, 335, 2, 4, 2, 545, 109, 5);
INSERT INTO `change_fact` VALUES (336, 336, 8, 1, 8, 99.5, 19.9, 5);
INSERT INTO `change_fact` VALUES (337, 337, 5, 2, 5, 344.5, 68.9, 5);
INSERT INTO `change_fact` VALUES (338, 338, 2, 3, 2, 299.5, 59.9, 5);
INSERT INTO `change_fact` VALUES (339, 339, 7, 6, 7, 249.5, 49.9, 5);
INSERT INTO `change_fact` VALUES (340, 340, 3, 5, 3, 139.5, 27.9, 5);
INSERT INTO `change_fact` VALUES (341, 341, 7, 5, 7, 139.5, 27.9, 5);
INSERT INTO `change_fact` VALUES (342, 342, 9, 6, 9, 249.5, 49.9, 5);
INSERT INTO `change_fact` VALUES (343, 343, 9, 4, 9, 545, 109, 5);
INSERT INTO `change_fact` VALUES (344, 344, 4, 3, 4, 299.5, 59.9, 5);
INSERT INTO `change_fact` VALUES (345, 345, 2, 6, 2, 249.5, 49.9, 5);
INSERT INTO `change_fact` VALUES (346, 346, 3, 5, 3, 139.5, 27.9, 5);
INSERT INTO `change_fact` VALUES (347, 347, 8, 2, 8, 344.5, 68.9, 5);
INSERT INTO `change_fact` VALUES (348, 348, 8, 3, 8, 299.5, 59.9, 5);
INSERT INTO `change_fact` VALUES (349, 349, 5, 5, 5, 139.5, 27.9, 5);
INSERT INTO `change_fact` VALUES (350, 350, 3, 4, 3, 545, 109, 5);
INSERT INTO `change_fact` VALUES (351, 351, 3, 3, 3, 299.5, 59.9, 5);
INSERT INTO `change_fact` VALUES (352, 352, 4, 3, 4, 299.5, 59.9, 5);
INSERT INTO `change_fact` VALUES (353, 353, 3, 1, 3, 99.5, 19.9, 5);
INSERT INTO `change_fact` VALUES (354, 354, 8, 2, 8, 344.5, 68.9, 5);
INSERT INTO `change_fact` VALUES (355, 355, 2, 6, 2, 249.5, 49.9, 5);
INSERT INTO `change_fact` VALUES (356, 356, 8, 2, 8, 344.5, 68.9, 5);
INSERT INTO `change_fact` VALUES (357, 357, 1, 6, 1, 249.5, 49.9, 5);
INSERT INTO `change_fact` VALUES (358, 358, 6, 6, 6, 249.5, 49.9, 5);
INSERT INTO `change_fact` VALUES (359, 359, 7, 1, 7, 99.5, 19.9, 5);
INSERT INTO `change_fact` VALUES (360, 360, 6, 2, 6, 344.5, 68.9, 5);
INSERT INTO `change_fact` VALUES (361, 361, 3, 3, 3, 299.5, 59.9, 5);
INSERT INTO `change_fact` VALUES (362, 362, 9, 1, 9, 99.5, 19.9, 5);
INSERT INTO `change_fact` VALUES (363, 363, 6, 6, 6, 249.5, 49.9, 5);
INSERT INTO `change_fact` VALUES (364, 364, 9, 3, 9, 299.5, 59.9, 5);

-- ----------------------------
-- Table structure for change_goods
-- ----------------------------
DROP TABLE IF EXISTS `change_goods`;
CREATE TABLE `change_goods`  (
  `name` varchar(50) CHARACTER SET utf8 COLLATE utf8_general_ci NOT NULL,
  `model` varchar(50) CHARACTER SET utf8 COLLATE utf8_general_ci NOT NULL,
  `kind` varchar(50) CHARACTER SET utf8 COLLATE utf8_general_ci NOT NULL,
  `id` int(11) NOT NULL AUTO_INCREMENT,
  PRIMARY KEY (`id`) USING BTREE
) ENGINE = InnoDB AUTO_INCREMENT = 31 CHARACTER SET = utf8 COLLATE = utf8_general_ci ROW_FORMAT = Compact;

-- ----------------------------
-- Records of change_goods
-- ----------------------------
INSERT INTO `change_goods` VALUES ('(15)', '', '', 1);
INSERT INTO `change_goods` VALUES ('(116)', '', '', 2);
INSERT INTO `change_goods` VALUES ('()', '', '', 3);
INSERT INTO `change_goods` VALUES ('500ml(118)', '', '', 4);
INSERT INTO `change_goods` VALUES ('(15)', '', '', 5);
INSERT INTO `change_goods` VALUES ('(110)', '', '', 6);
INSERT INTO `change_goods` VALUES ('(15)', '', '', 7);
INSERT INTO `change_goods` VALUES ('(116)', '', '', 8);
INSERT INTO `change_goods` VALUES ('()', '', '', 9);
INSERT INTO `change_goods` VALUES ('500ml(118)', '', '', 10);
INSERT INTO `change_goods` VALUES ('(15)', '', '', 11);
INSERT INTO `change_goods` VALUES ('(110)', '', '', 12);
INSERT INTO `change_goods` VALUES ('(15)', '', '', 13);
INSERT INTO `change_goods` VALUES ('(116)', '', '', 14);
INSERT INTO `change_goods` VALUES ('()', '', '', 15);
INSERT INTO `change_goods` VALUES ('500ml(118)', '', '', 16);
INSERT INTO `change_goods` VALUES ('(15)', '', '', 17);
INSERT INTO `change_goods` VALUES ('(110)', '', '', 18);
INSERT INTO `change_goods` VALUES ('(15)', '', '', 19);
INSERT INTO `change_goods` VALUES ('(116)', '', '', 20);
INSERT INTO `change_goods` VALUES ('()', '', '', 21);
INSERT INTO `change_goods` VALUES ('500ml(118)', '', '', 22);
INSERT INTO `change_goods` VALUES ('(15)', '', '', 23);
INSERT INTO `change_goods` VALUES ('(110)', '', '', 24);
INSERT INTO `change_goods` VALUES ('(15)', '', '', 25);
INSERT INTO `change_goods` VALUES ('(116)', '', '', 26);
INSERT INTO `change_goods` VALUES ('()', '', '', 27);
INSERT INTO `change_goods` VALUES ('500ml(118)', '', '', 28);
INSERT INTO `change_goods` VALUES ('(15)', '', '', 29);
INSERT INTO `change_goods` VALUES ('(110)', '', '', 30);

-- ----------------------------
-- Table structure for change_site
-- ----------------------------
DROP TABLE IF EXISTS `change_site`;
CREATE TABLE `change_site`  (
  `id` int(10) UNSIGNED NOT NULL AUTO_INCREMENT,
  `province` varchar(20) CHARACTER SET utf8mb4 COLLATE utf8mb4_unicode_ci NOT NULL,
  `city` varchar(20) CHARACTER SET utf8mb4 COLLATE utf8mb4_unicode_ci NOT NULL,
  PRIMARY KEY (`id`) USING BTREE
) ENGINE = InnoDB AUTO_INCREMENT = 46 CHARACTER SET = gbk COLLATE = gbk_chinese_ci ROW_FORMAT = Compact;

-- ----------------------------
-- Records of change_site
-- ----------------------------
INSERT INTO `change_site` VALUES (1, '', '');
INSERT INTO `change_site` VALUES (2, '', '');
INSERT INTO `change_site` VALUES (3, '', '');
INSERT INTO `change_site` VALUES (4, '', '');
INSERT INTO `change_site` VALUES (5, '', '');
INSERT INTO `change_site` VALUES (6, '', '');
INSERT INTO `change_site` VALUES (7, '', '');
INSERT INTO `change_site` VALUES (8, '', '');
INSERT INTO `change_site` VALUES (9, '', '');
INSERT INTO `change_site` VALUES (10, '', '');
INSERT INTO `change_site` VALUES (11, '', '');
INSERT INTO `change_site` VALUES (12, '', '');
INSERT INTO `change_site` VALUES (13, '', '');
INSERT INTO `change_site` VALUES (14, '', '');
INSERT INTO `change_site` VALUES (15, '', '');
INSERT INTO `change_site` VALUES (16, '', '');
INSERT INTO `change_site` VALUES (17, '', '');
INSERT INTO `change_site` VALUES (18, '', '');
INSERT INTO `change_site` VALUES (19, '', '');
INSERT INTO `change_site` VALUES (20, '', '');
INSERT INTO `change_site` VALUES (21, '', '');
INSERT INTO `change_site` VALUES (22, '', '');
INSERT INTO `change_site` VALUES (23, '', '');
INSERT INTO `change_site` VALUES (24, '', '');
INSERT INTO `change_site` VALUES (25, '', '');
INSERT INTO `change_site` VALUES (26, '', '');
INSERT INTO `change_site` VALUES (27, '', '');
INSERT INTO `change_site` VALUES (28, '', '');
INSERT INTO `change_site` VALUES (29, '', '');
INSERT INTO `change_site` VALUES (30, '', '');
INSERT INTO `change_site` VALUES (31, '', '');
INSERT INTO `change_site` VALUES (32, '', '');
INSERT INTO `change_site` VALUES (33, '', '');
INSERT INTO `change_site` VALUES (34, '', '');
INSERT INTO `change_site` VALUES (35, '', '');
INSERT INTO `change_site` VALUES (36, '', '');
INSERT INTO `change_site` VALUES (37, '', '');
INSERT INTO `change_site` VALUES (38, '', '');
INSERT INTO `change_site` VALUES (39, '', '');
INSERT INTO `change_site` VALUES (40, '', '');
INSERT INTO `change_site` VALUES (41, '', '');
INSERT INTO `change_site` VALUES (42, '', '');
INSERT INTO `change_site` VALUES (43, '', '');
INSERT INTO `change_site` VALUES (44, '', '');
INSERT INTO `change_site` VALUES (45, '', '');

-- ----------------------------
-- Table structure for django_admin_log
-- ----------------------------
DROP TABLE IF EXISTS `django_admin_log`;
CREATE TABLE `django_admin_log`  (
  `id` int(11) NOT NULL AUTO_INCREMENT,
  `action_time` datetime NOT NULL,
  `object_id` longtext CHARACTER SET utf8 COLLATE utf8_bin NULL,
  `object_repr` varchar(200) CHARACTER SET utf8 COLLATE utf8_bin NOT NULL,
  `action_flag` smallint(5) UNSIGNED NOT NULL,
  `change_message` longtext CHARACTER SET utf8 COLLATE utf8_bin NOT NULL,
  `content_type_id` int(11) NULL DEFAULT NULL,
  `user_id` int(11) NOT NULL,
  PRIMARY KEY (`id`) USING BTREE,
  INDEX `django_admin_log_content_type_id_c4bce8eb_fk_django_co`(`content_type_id`) USING BTREE,
  INDEX `django_admin_log_user_id_c564eba6_fk_auth_user_id`(`user_id`) USING BTREE,
  CONSTRAINT `django_admin_log_content_type_id_c4bce8eb_fk_django_co` FOREIGN KEY (`content_type_id`) REFERENCES `django_content_type` (`id`) ON DELETE RESTRICT ON UPDATE RESTRICT,
  CONSTRAINT `django_admin_log_user_id_c564eba6_fk_auth_user_id` FOREIGN KEY (`user_id`) REFERENCES `auth_user` (`id`) ON DELETE RESTRICT ON UPDATE RESTRICT
) ENGINE = InnoDB AUTO_INCREMENT = 1 CHARACTER SET = utf8 COLLATE = utf8_bin ROW_FORMAT = Compact;

-- ----------------------------
-- Table structure for django_content_type
-- ----------------------------
DROP TABLE IF EXISTS `django_content_type`;
CREATE TABLE `django_content_type`  (
  `id` int(11) NOT NULL AUTO_INCREMENT,
  `app_label` varchar(100) CHARACTER SET utf8 COLLATE utf8_bin NOT NULL,
  `model` varchar(100) CHARACTER SET utf8 COLLATE utf8_bin NOT NULL,
  PRIMARY KEY (`id`) USING BTREE,
  UNIQUE INDEX `django_content_type_app_label_model_76bd3d3b_uniq`(`app_label`, `model`) USING BTREE
) ENGINE = InnoDB AUTO_INCREMENT = 34 CHARACTER SET = utf8 COLLATE = utf8_bin ROW_FORMAT = Compact;

-- ----------------------------
-- Records of django_content_type
-- ----------------------------
INSERT INTO `django_content_type` VALUES (5, 'admin', 'logentry');
INSERT INTO `django_content_type` VALUES (2, 'auth', 'group');
INSERT INTO `django_content_type` VALUES (1, 'auth', 'permission');
INSERT INTO `django_content_type` VALUES (3, 'auth', 'user');
INSERT INTO `django_content_type` VALUES (4, 'contenttypes', 'contenttype');
INSERT INTO `django_content_type` VALUES (13, 'polls', 'authgroup');
INSERT INTO `django_content_type` VALUES (14, 'polls', 'authgrouppermissions');
INSERT INTO `django_content_type` VALUES (15, 'polls', 'authpermission');
INSERT INTO `django_content_type` VALUES (16, 'polls', 'authuser');
INSERT INTO `django_content_type` VALUES (17, 'polls', 'authusergroups');
INSERT INTO `django_content_type` VALUES (18, 'polls', 'authuseruserpermissions');
INSERT INTO `django_content_type` VALUES (30, 'polls', 'changedates');
INSERT INTO `django_content_type` VALUES (31, 'polls', 'changefact');
INSERT INTO `django_content_type` VALUES (32, 'polls', 'changegoods');
INSERT INTO `django_content_type` VALUES (33, 'polls', 'changesite');
INSERT INTO `django_content_type` VALUES (7, 'polls', 'client');
INSERT INTO `django_content_type` VALUES (8, 'polls', 'commodity');
INSERT INTO `django_content_type` VALUES (19, 'polls', 'djangoadminlog');
INSERT INTO `django_content_type` VALUES (20, 'polls', 'djangocontenttype');
INSERT INTO `django_content_type` VALUES (21, 'polls', 'djangomigrations');
INSERT INTO `django_content_type` VALUES (22, 'polls', 'djangosession');
INSERT INTO `django_content_type` VALUES (9, 'polls', 'order');
INSERT INTO `django_content_type` VALUES (10, 'polls', 'orderdetail');
INSERT INTO `django_content_type` VALUES (23, 'polls', 'orders');
INSERT INTO `django_content_type` VALUES (24, 'polls', 'oriclient');
INSERT INTO `django_content_type` VALUES (25, 'polls', 'oricommodity');
INSERT INTO `django_content_type` VALUES (26, 'polls', 'oriorderdetail');
INSERT INTO `django_content_type` VALUES (27, 'polls', 'oriorders');
INSERT INTO `django_content_type` VALUES (28, 'polls', 'oriregion');
INSERT INTO `django_content_type` VALUES (29, 'polls', 'oritype');
INSERT INTO `django_content_type` VALUES (11, 'polls', 'region');
INSERT INTO `django_content_type` VALUES (12, 'polls', 'type');
INSERT INTO `django_content_type` VALUES (6, 'sessions', 'session');

-- ----------------------------
-- Table structure for django_migrations
-- ----------------------------
DROP TABLE IF EXISTS `django_migrations`;
CREATE TABLE `django_migrations`  (
  `id` int(11) NOT NULL AUTO_INCREMENT,
  `app` varchar(255) CHARACTER SET utf8 COLLATE utf8_bin NOT NULL,
  `name` varchar(255) CHARACTER SET utf8 COLLATE utf8_bin NOT NULL,
  `applied` datetime NOT NULL,
  PRIMARY KEY (`id`) USING BTREE
) ENGINE = InnoDB AUTO_INCREMENT = 18 CHARACTER SET = utf8 COLLATE = utf8_bin ROW_FORMAT = Compact;

-- ----------------------------
-- Records of django_migrations
-- ----------------------------
INSERT INTO `django_migrations` VALUES (1, 'contenttypes', '0001_initial', '2019-06-05 09:03:13');
INSERT INTO `django_migrations` VALUES (2, 'auth', '0001_initial', '2019-06-05 09:03:13');
INSERT INTO `django_migrations` VALUES (3, 'contenttypes', '0002_remove_content_type_name', '2019-06-05 09:03:14');
INSERT INTO `django_migrations` VALUES (4, 'auth', '0002_alter_permission_name_max_length', '2019-06-05 09:03:14');
INSERT INTO `django_migrations` VALUES (5, 'auth', '0003_alter_user_email_max_length', '2019-06-05 09:03:14');
INSERT INTO `django_migrations` VALUES (6, 'auth', '0004_alter_user_username_opts', '2019-06-05 09:03:14');
INSERT INTO `django_migrations` VALUES (7, 'auth', '0005_alter_user_last_login_null', '2019-06-05 09:03:14');
INSERT INTO `django_migrations` VALUES (8, 'auth', '0006_require_contenttypes_0002', '2019-06-05 09:03:14');
INSERT INTO `django_migrations` VALUES (9, 'auth', '0007_alter_validators_add_error_messages', '2019-06-05 09:03:14');
INSERT INTO `django_migrations` VALUES (10, 'auth', '0008_alter_user_username_max_length', '2019-06-05 09:03:14');
INSERT INTO `django_migrations` VALUES (11, 'auth', '0009_alter_user_last_name_max_length', '2019-06-05 09:03:14');
INSERT INTO `django_migrations` VALUES (12, 'admin', '0001_initial', '2019-06-05 09:03:22');
INSERT INTO `django_migrations` VALUES (13, 'admin', '0002_logentry_remove_auto_add', '2019-06-05 09:03:22');
INSERT INTO `django_migrations` VALUES (14, 'polls', '0001_initial', '2019-06-05 09:03:23');
INSERT INTO `django_migrations` VALUES (15, 'polls', '0002_auto_20190605_1702', '2019-06-05 09:03:23');
INSERT INTO `django_migrations` VALUES (16, 'sessions', '0001_initial', '2019-06-05 09:03:23');
INSERT INTO `django_migrations` VALUES (17, 'polls', '0002_changedates_changefact_changegoods_changesite', '2019-06-07 06:49:25');

-- ----------------------------
-- Table structure for django_session
-- ----------------------------
DROP TABLE IF EXISTS `django_session`;
CREATE TABLE `django_session`  (
  `session_key` varchar(40) CHARACTER SET utf8 COLLATE utf8_bin NOT NULL,
  `session_data` longtext CHARACTER SET utf8 COLLATE utf8_bin NOT NULL,
  `expire_date` datetime NOT NULL,
  PRIMARY KEY (`session_key`) USING BTREE,
  INDEX `django_session_expire_date_a5c62663`(`expire_date`) USING BTREE
) ENGINE = InnoDB CHARACTER SET = utf8 COLLATE = utf8_bin ROW_FORMAT = Compact;

-- ----------------------------
-- Records of django_session
-- ----------------------------
INSERT INTO `django_session` VALUES ('bfcf885evavi2jg72jw7p3h4mjap0xcn', 'MDFkMTk0YjZhMzgxZTdlMDBhYWNiOWE1OWE2OTg5NjQ5NWI5MGYxMzp7Il9hdXRoX3VzZXJfaWQiOiIxIiwiX2F1dGhfdXNlcl9iYWNrZW5kIjoiZGphbmdvLmNvbnRyaWIuYXV0aC5iYWNrZW5kcy5Nb2RlbEJhY2tlbmQiLCJfYXV0aF91c2VyX2hhc2giOiJhN2MzNjhmMzI1Nzc2YmYwNWY4Y2U2OTZmYTNjODNlZGQ0MjliODhlIn0=', '2019-06-19 09:05:55');
INSERT INTO `django_session` VALUES ('f03141yk85e4ksyycoyol5pdqorbcoao', 'MjY3NjY0Mzc2MTk2YmNkNmI1OGE4Y2U4M2I5OWE4OTY0MjYzMzE3OTp7Il9hdXRoX3VzZXJfaWQiOiIyIiwiX2F1dGhfdXNlcl9iYWNrZW5kIjoiZGphbmdvLmNvbnRyaWIuYXV0aC5iYWNrZW5kcy5Nb2RlbEJhY2tlbmQiLCJfYXV0aF91c2VyX2hhc2giOiI2YjA4M2QzZDE1NWQ3OTdmMzkyNGU5ZDdlZWIxMzhkY2YyZmY1OGUyIn0=', '2019-06-22 04:03:15');

-- ----------------------------
-- Table structure for ori_client
-- ----------------------------
DROP TABLE IF EXISTS `ori_client`;
CREATE TABLE `ori_client`  (
  `clientName` varchar(254) CHARACTER SET utf8 COLLATE utf8_bin NULL DEFAULT NULL,
  `regionId` int(11) NULL DEFAULT NULL,
  `regionSite` varchar(254) CHARACTER SET utf8 COLLATE utf8_bin NULL DEFAULT NULL,
  `regionPhone` varchar(254) CHARACTER SET utf8 COLLATE utf8_bin NULL DEFAULT NULL,
  `id` int(11) NOT NULL AUTO_INCREMENT,
  PRIMARY KEY (`id`) USING BTREE
) ENGINE = InnoDB AUTO_INCREMENT = 46 CHARACTER SET = utf8 COLLATE = utf8_bin ROW_FORMAT = Compact;

-- ----------------------------
-- Records of ori_client
-- ----------------------------
INSERT INTO `ori_client` VALUES ('', 1, '468', '13456880463', 1);
INSERT INTO `ori_client` VALUES ('', 2, '3169', '13443347603', 2);
INSERT INTO `ori_client` VALUES ('', 3, '()', '1311767681', 3);
INSERT INTO `ori_client` VALUES ('', 4, '', '13114354941', 4);
INSERT INTO `ori_client` VALUES ('', 5, '1', '13128255217', 5);
INSERT INTO `ori_client` VALUES ('', 6, '()', '13167914020', 6);
INSERT INTO `ori_client` VALUES ('', 7, '312', '13179934281', 7);
INSERT INTO `ori_client` VALUES ('', 8, '', '131180759', 8);
INSERT INTO `ori_client` VALUES ('', 9, '', '13169547120', 9);
INSERT INTO `ori_client` VALUES ('', 1, '468', '13169323719', 10);
INSERT INTO `ori_client` VALUES ('', 2, '3169', '13171139806', 11);
INSERT INTO `ori_client` VALUES ('', 3, '()', '13114777184', 12);
INSERT INTO `ori_client` VALUES ('', 4, '', '13137448371', 13);
INSERT INTO `ori_client` VALUES ('', 5, '1', '13453574715', 14);
INSERT INTO `ori_client` VALUES ('', 6, '()', '13164994352', 15);
INSERT INTO `ori_client` VALUES ('', 7, '312', '13112218357', 16);
INSERT INTO `ori_client` VALUES ('', 8, '', '13491663646', 17);
INSERT INTO `ori_client` VALUES ('', 9, '', '13176525854', 18);
INSERT INTO `ori_client` VALUES ('', 1, '468', '13476017460', 19);
INSERT INTO `ori_client` VALUES ('', 2, '3169', '13139382734', 20);
INSERT INTO `ori_client` VALUES ('', 3, '()', '13480712973', 21);
INSERT INTO `ori_client` VALUES ('', 4, '', '13452442538', 22);
INSERT INTO `ori_client` VALUES ('', 5, '1', '13154256845', 23);
INSERT INTO `ori_client` VALUES ('', 6, '()', '13469997193', 24);
INSERT INTO `ori_client` VALUES ('', 7, '312', '13185406340', 25);
INSERT INTO `ori_client` VALUES ('', 8, '', '13418348004', 26);
INSERT INTO `ori_client` VALUES ('', 9, '', '13170710928', 27);
INSERT INTO `ori_client` VALUES ('', 1, '468', '1312635258', 28);
INSERT INTO `ori_client` VALUES ('', 2, '3169', '13133204140', 29);
INSERT INTO `ori_client` VALUES ('', 3, '()', '13137845578', 30);
INSERT INTO `ori_client` VALUES ('', 4, '', '13468409129', 31);
INSERT INTO `ori_client` VALUES ('', 5, '1', '13465988951', 32);
INSERT INTO `ori_client` VALUES ('', 6, '()', '13187801754', 33);
INSERT INTO `ori_client` VALUES ('', 7, '312', '1318966291', 34);
INSERT INTO `ori_client` VALUES ('', 8, '', '13458414466', 35);
INSERT INTO `ori_client` VALUES ('', 9, '', '13135717200', 36);
INSERT INTO `ori_client` VALUES ('', 1, '468', '13463653092', 37);
INSERT INTO `ori_client` VALUES ('', 2, '3169', '13468224035', 38);
INSERT INTO `ori_client` VALUES ('', 3, '()', '13119129623', 39);
INSERT INTO `ori_client` VALUES ('', 4, '', '13169081951', 40);
INSERT INTO `ori_client` VALUES ('', 5, '1', '13184143698', 41);
INSERT INTO `ori_client` VALUES ('', 6, '()', '13410853947', 42);
INSERT INTO `ori_client` VALUES ('', 7, '312', '13143956499', 43);
INSERT INTO `ori_client` VALUES ('', 8, '', '13451088696', 44);
INSERT INTO `ori_client` VALUES ('', 9, '', '13174151728', 45);

-- ----------------------------
-- Table structure for ori_commodity
-- ----------------------------
DROP TABLE IF EXISTS `ori_commodity`;
CREATE TABLE `ori_commodity`  (
  `commodityName` varchar(254) CHARACTER SET utf8 COLLATE utf8_bin NULL DEFAULT NULL,
  `commodityType` varchar(255) CHARACTER SET utf8 COLLATE utf8_bin NULL DEFAULT NULL,
  `typeId` int(11) NULL DEFAULT NULL,
  `id` int(11) NOT NULL AUTO_INCREMENT,
  PRIMARY KEY (`id`) USING BTREE
) ENGINE = InnoDB AUTO_INCREMENT = 31 CHARACTER SET = utf8 COLLATE = utf8_bin ROW_FORMAT = Compact;

-- ----------------------------
-- Records of ori_commodity
-- ----------------------------
INSERT INTO `ori_commodity` VALUES ('(15)', '', 1, 1);
INSERT INTO `ori_commodity` VALUES ('(116)', '', 2, 2);
INSERT INTO `ori_commodity` VALUES ('()', '', 3, 3);
INSERT INTO `ori_commodity` VALUES ('500ml(118)', '', 4, 4);
INSERT INTO `ori_commodity` VALUES ('(15)', '', 5, 5);
INSERT INTO `ori_commodity` VALUES ('(110)', '', 6, 6);
INSERT INTO `ori_commodity` VALUES ('(15)', '', 1, 7);
INSERT INTO `ori_commodity` VALUES ('(116)', '', 2, 8);
INSERT INTO `ori_commodity` VALUES ('()', '', 3, 9);
INSERT INTO `ori_commodity` VALUES ('500ml(118)', '', 4, 10);
INSERT INTO `ori_commodity` VALUES ('(15)', '', 5, 11);
INSERT INTO `ori_commodity` VALUES ('(110)', '', 6, 12);
INSERT INTO `ori_commodity` VALUES ('(15)', '', 1, 13);
INSERT INTO `ori_commodity` VALUES ('(116)', '', 2, 14);
INSERT INTO `ori_commodity` VALUES ('()', '', 3, 15);
INSERT INTO `ori_commodity` VALUES ('500ml(118)', '', 4, 16);
INSERT INTO `ori_commodity` VALUES ('(15)', '', 5, 17);
INSERT INTO `ori_commodity` VALUES ('(110)', '', 6, 18);
INSERT INTO `ori_commodity` VALUES ('(15)', '', 1, 19);
INSERT INTO `ori_commodity` VALUES ('(116)', '', 2, 20);
INSERT INTO `ori_commodity` VALUES ('()', '', 3, 21);
INSERT INTO `ori_commodity` VALUES ('500ml(118)', '', 4, 22);
INSERT INTO `ori_commodity` VALUES ('(15)', '', 5, 23);
INSERT INTO `ori_commodity` VALUES ('(110)', '', 6, 24);
INSERT INTO `ori_commodity` VALUES ('(15)', '', 1, 25);
INSERT INTO `ori_commodity` VALUES ('(116)', '', 2, 26);
INSERT INTO `ori_commodity` VALUES ('()', '', 3, 27);
INSERT INTO `ori_commodity` VALUES ('500ml(118)', '', 4, 28);
INSERT INTO `ori_commodity` VALUES ('(15)', '', 5, 29);
INSERT INTO `ori_commodity` VALUES ('(110)', '', 6, 30);

-- ----------------------------
-- Table structure for ori_orderdetail
-- ----------------------------
DROP TABLE IF EXISTS `ori_orderdetail`;
CREATE TABLE `ori_orderdetail`  (
  `orderID` int(11) NULL DEFAULT NULL,
  `commodityID` varchar(254) CHARACTER SET utf8 COLLATE utf8_bin NULL DEFAULT NULL,
  `detailPrice` varchar(254) CHARACTER SET utf8 COLLATE utf8_bin NULL DEFAULT NULL,
  `detailAccout` int(11) NULL DEFAULT NULL,
  `id` int(11) NOT NULL AUTO_INCREMENT,
  PRIMARY KEY (`id`) USING BTREE
) ENGINE = InnoDB AUTO_INCREMENT = 2701 CHARACTER SET = utf8 COLLATE = utf8_bin ROW_FORMAT = Compact;

-- ----------------------------
-- Records of ori_orderdetail
-- ----------------------------
INSERT INTO `ori_orderdetail` VALUES (1, '1', '19.9', 67, 1);
INSERT INTO `ori_orderdetail` VALUES (2, '4', '109', 47, 2);
INSERT INTO `ori_orderdetail` VALUES (3, '3', '59.9', 21, 3);
INSERT INTO `ori_orderdetail` VALUES (4, '2', '68.9', 84, 4);
INSERT INTO `ori_orderdetail` VALUES (5, '4', '109', 47, 5);
INSERT INTO `ori_orderdetail` VALUES (6, '4', '109', 47, 6);
INSERT INTO `ori_orderdetail` VALUES (7, '4', '109', 13, 7);
INSERT INTO `ori_orderdetail` VALUES (8, '4', '109', 13, 8);
INSERT INTO `ori_orderdetail` VALUES (9, '5', '27.9', 58, 9);
INSERT INTO `ori_orderdetail` VALUES (10, '3', '59.9', 32, 10);
INSERT INTO `ori_orderdetail` VALUES (11, '4', '109', 13, 11);
INSERT INTO `ori_orderdetail` VALUES (12, '1', '19.9', 39, 12);
INSERT INTO `ori_orderdetail` VALUES (13, '4', '109', 92, 13);
INSERT INTO `ori_orderdetail` VALUES (14, '1', '19.9', 75, 14);
INSERT INTO `ori_orderdetail` VALUES (15, '4', '109', 92, 15);
INSERT INTO `ori_orderdetail` VALUES (16, '6', '49.9', 45, 16);
INSERT INTO `ori_orderdetail` VALUES (17, '6', '49.9', 45, 17);
INSERT INTO `ori_orderdetail` VALUES (18, '4', '109', 92, 18);
INSERT INTO `ori_orderdetail` VALUES (19, '3', '59.9', 38, 19);
INSERT INTO `ori_orderdetail` VALUES (20, '2', '68.9', 94, 20);
INSERT INTO `ori_orderdetail` VALUES (21, '3', '59.9', 38, 21);
INSERT INTO `ori_orderdetail` VALUES (22, '2', '68.9', 94, 22);
INSERT INTO `ori_orderdetail` VALUES (23, '2', '68.9', 94, 23);
INSERT INTO `ori_orderdetail` VALUES (24, '4', '109', 24, 24);
INSERT INTO `ori_orderdetail` VALUES (25, '1', '19.9', 104, 25);
INSERT INTO `ori_orderdetail` VALUES (26, '1', '19.9', 104, 26);
INSERT INTO `ori_orderdetail` VALUES (27, '5', '27.9', 60, 27);
INSERT INTO `ori_orderdetail` VALUES (28, '2', '68.9', 53, 28);
INSERT INTO `ori_orderdetail` VALUES (29, '3', '59.9', 86, 29);
INSERT INTO `ori_orderdetail` VALUES (30, '5', '27.9', 60, 30);
INSERT INTO `ori_orderdetail` VALUES (31, '2', '68.9', 8, 31);
INSERT INTO `ori_orderdetail` VALUES (32, '6', '49.9', 94, 32);
INSERT INTO `ori_orderdetail` VALUES (33, '5', '27.9', 52, 33);
INSERT INTO `ori_orderdetail` VALUES (34, '3', '59.9', 29, 34);
INSERT INTO `ori_orderdetail` VALUES (35, '5', '27.9', 52, 35);
INSERT INTO `ori_orderdetail` VALUES (36, '4', '109', 34, 36);
INSERT INTO `ori_orderdetail` VALUES (37, '5', '27.9', 7, 37);
INSERT INTO `ori_orderdetail` VALUES (38, '5', '27.9', 7, 38);
INSERT INTO `ori_orderdetail` VALUES (39, '4', '109', 12, 39);
INSERT INTO `ori_orderdetail` VALUES (40, '6', '49.9', 38, 40);
INSERT INTO `ori_orderdetail` VALUES (41, '6', '49.9', 38, 41);
INSERT INTO `ori_orderdetail` VALUES (42, '3', '59.9', 85, 42);
INSERT INTO `ori_orderdetail` VALUES (43, '3', '59.9', 39, 43);
INSERT INTO `ori_orderdetail` VALUES (44, '2', '68.9', 84, 44);
INSERT INTO `ori_orderdetail` VALUES (45, '5', '27.9', 88, 45);
INSERT INTO `ori_orderdetail` VALUES (46, '1', '19.9', 40, 46);
INSERT INTO `ori_orderdetail` VALUES (47, '2', '68.9', 84, 47);
INSERT INTO `ori_orderdetail` VALUES (48, '6', '49.9', 32, 48);
INSERT INTO `ori_orderdetail` VALUES (49, '3', '59.9', 10, 49);
INSERT INTO `ori_orderdetail` VALUES (50, '5', '27.9', 22, 50);
INSERT INTO `ori_orderdetail` VALUES (51, '3', '59.9', 10, 51);
INSERT INTO `ori_orderdetail` VALUES (52, '3', '59.9', 10, 52);
INSERT INTO `ori_orderdetail` VALUES (53, '4', '109', 77, 53);
INSERT INTO `ori_orderdetail` VALUES (54, '5', '27.9', 22, 54);
INSERT INTO `ori_orderdetail` VALUES (55, '6', '49.9', 43, 55);
INSERT INTO `ori_orderdetail` VALUES (56, '1', '19.9', 103, 56);
INSERT INTO `ori_orderdetail` VALUES (57, '2', '68.9', 40, 57);
INSERT INTO `ori_orderdetail` VALUES (58, '3', '59.9', 64, 58);
INSERT INTO `ori_orderdetail` VALUES (59, '6', '49.9', 43, 59);
INSERT INTO `ori_orderdetail` VALUES (60, '3', '59.9', 64, 60);
INSERT INTO `ori_orderdetail` VALUES (61, '1', '19.9', 103, 61);
INSERT INTO `ori_orderdetail` VALUES (62, '4', '109', 10, 62);
INSERT INTO `ori_orderdetail` VALUES (63, '1', '19.9', 103, 63);
INSERT INTO `ori_orderdetail` VALUES (64, '2', '68.9', 72, 64);
INSERT INTO `ori_orderdetail` VALUES (65, '3', '59.9', 43, 65);
INSERT INTO `ori_orderdetail` VALUES (66, '2', '68.9', 72, 66);
INSERT INTO `ori_orderdetail` VALUES (67, '4', '109', 34, 67);
INSERT INTO `ori_orderdetail` VALUES (68, '1', '19.9', 21, 68);
INSERT INTO `ori_orderdetail` VALUES (69, '3', '59.9', 38, 69);
INSERT INTO `ori_orderdetail` VALUES (70, '1', '19.9', 21, 70);
INSERT INTO `ori_orderdetail` VALUES (71, '2', '68.9', 45, 71);
INSERT INTO `ori_orderdetail` VALUES (72, '4', '109', 34, 72);
INSERT INTO `ori_orderdetail` VALUES (73, '5', '27.9', 104, 73);
INSERT INTO `ori_orderdetail` VALUES (74, '1', '19.9', 98, 74);
INSERT INTO `ori_orderdetail` VALUES (75, '3', '59.9', 17, 75);
INSERT INTO `ori_orderdetail` VALUES (76, '6', '49.9', 84, 76);
INSERT INTO `ori_orderdetail` VALUES (77, '5', '27.9', 104, 77);
INSERT INTO `ori_orderdetail` VALUES (78, '1', '19.9', 98, 78);
INSERT INTO `ori_orderdetail` VALUES (79, '6', '49.9', 51, 79);
INSERT INTO `ori_orderdetail` VALUES (80, '5', '27.9', 8, 80);
INSERT INTO `ori_orderdetail` VALUES (81, '4', '109', 57, 81);
INSERT INTO `ori_orderdetail` VALUES (82, '5', '27.9', 8, 82);
INSERT INTO `ori_orderdetail` VALUES (83, '5', '27.9', 8, 83);
INSERT INTO `ori_orderdetail` VALUES (84, '2', '68.9', 91, 84);
INSERT INTO `ori_orderdetail` VALUES (85, '6', '49.9', 15, 85);
INSERT INTO `ori_orderdetail` VALUES (86, '1', '19.9', 98, 86);
INSERT INTO `ori_orderdetail` VALUES (87, '5', '27.9', 84, 87);
INSERT INTO `ori_orderdetail` VALUES (88, '5', '27.9', 84, 88);
INSERT INTO `ori_orderdetail` VALUES (89, '3', '59.9', 36, 89);
INSERT INTO `ori_orderdetail` VALUES (90, '2', '68.9', 36, 90);
INSERT INTO `ori_orderdetail` VALUES (91, '3', '59.9', 73, 91);
INSERT INTO `ori_orderdetail` VALUES (92, '3', '59.9', 73, 92);
INSERT INTO `ori_orderdetail` VALUES (93, '6', '49.9', 11, 93);
INSERT INTO `ori_orderdetail` VALUES (94, '4', '109', 50, 94);
INSERT INTO `ori_orderdetail` VALUES (95, '1', '19.9', 62, 95);
INSERT INTO `ori_orderdetail` VALUES (96, '5', '27.9', 30, 96);
INSERT INTO `ori_orderdetail` VALUES (97, '6', '49.9', 66, 97);
INSERT INTO `ori_orderdetail` VALUES (98, '4', '109', 94, 98);
INSERT INTO `ori_orderdetail` VALUES (99, '3', '59.9', 26, 99);
INSERT INTO `ori_orderdetail` VALUES (100, '2', '68.9', 37, 100);
INSERT INTO `ori_orderdetail` VALUES (101, '3', '59.9', 26, 101);
INSERT INTO `ori_orderdetail` VALUES (102, '5', '27.9', 104, 102);
INSERT INTO `ori_orderdetail` VALUES (103, '6', '49.9', 9, 103);
INSERT INTO `ori_orderdetail` VALUES (104, '1', '19.9', 84, 104);
INSERT INTO `ori_orderdetail` VALUES (105, '5', '27.9', 51, 105);
INSERT INTO `ori_orderdetail` VALUES (106, '2', '68.9', 57, 106);
INSERT INTO `ori_orderdetail` VALUES (107, '6', '49.9', 9, 107);
INSERT INTO `ori_orderdetail` VALUES (108, '2', '68.9', 57, 108);
INSERT INTO `ori_orderdetail` VALUES (109, '1', '19.9', 20, 109);
INSERT INTO `ori_orderdetail` VALUES (110, '2', '68.9', 47, 110);
INSERT INTO `ori_orderdetail` VALUES (111, '1', '19.9', 20, 111);
INSERT INTO `ori_orderdetail` VALUES (112, '1', '19.9', 20, 112);
INSERT INTO `ori_orderdetail` VALUES (113, '6', '49.9', 22, 113);
INSERT INTO `ori_orderdetail` VALUES (114, '6', '49.9', 22, 114);
INSERT INTO `ori_orderdetail` VALUES (115, '4', '109', 90, 115);
INSERT INTO `ori_orderdetail` VALUES (116, '4', '109', 90, 116);
INSERT INTO `ori_orderdetail` VALUES (117, '1', '19.9', 90, 117);
INSERT INTO `ori_orderdetail` VALUES (118, '1', '19.9', 90, 118);
INSERT INTO `ori_orderdetail` VALUES (119, '5', '27.9', 98, 119);
INSERT INTO `ori_orderdetail` VALUES (120, '1', '19.9', 90, 120);
INSERT INTO `ori_orderdetail` VALUES (121, '1', '19.9', 18, 121);
INSERT INTO `ori_orderdetail` VALUES (122, '4', '109', 98, 122);
INSERT INTO `ori_orderdetail` VALUES (123, '4', '109', 98, 123);
INSERT INTO `ori_orderdetail` VALUES (124, '4', '109', 98, 124);
INSERT INTO `ori_orderdetail` VALUES (125, '5', '27.9', 85, 125);
INSERT INTO `ori_orderdetail` VALUES (126, '3', '59.9', 21, 126);
INSERT INTO `ori_orderdetail` VALUES (127, '4', '109', 88, 127);
INSERT INTO `ori_orderdetail` VALUES (128, '5', '27.9', 96, 128);
INSERT INTO `ori_orderdetail` VALUES (129, '1', '19.9', 72, 129);
INSERT INTO `ori_orderdetail` VALUES (130, '4', '109', 88, 130);
INSERT INTO `ori_orderdetail` VALUES (131, '4', '109', 88, 131);
INSERT INTO `ori_orderdetail` VALUES (132, '4', '109', 88, 132);
INSERT INTO `ori_orderdetail` VALUES (133, '3', '59.9', 62, 133);
INSERT INTO `ori_orderdetail` VALUES (134, '4', '109', 69, 134);
INSERT INTO `ori_orderdetail` VALUES (135, '1', '19.9', 49, 135);
INSERT INTO `ori_orderdetail` VALUES (136, '2', '68.9', 75, 136);
INSERT INTO `ori_orderdetail` VALUES (137, '4', '109', 69, 137);
INSERT INTO `ori_orderdetail` VALUES (138, '1', '19.9', 49, 138);
INSERT INTO `ori_orderdetail` VALUES (139, '4', '109', 70, 139);
INSERT INTO `ori_orderdetail` VALUES (140, '5', '27.9', 95, 140);
INSERT INTO `ori_orderdetail` VALUES (141, '4', '109', 70, 141);
INSERT INTO `ori_orderdetail` VALUES (142, '6', '49.9', 61, 142);
INSERT INTO `ori_orderdetail` VALUES (143, '5', '27.9', 95, 143);
INSERT INTO `ori_orderdetail` VALUES (144, '4', '109', 70, 144);
INSERT INTO `ori_orderdetail` VALUES (145, '5', '27.9', 18, 145);
INSERT INTO `ori_orderdetail` VALUES (146, '2', '68.9', 17, 146);
INSERT INTO `ori_orderdetail` VALUES (147, '3', '59.9', 76, 147);
INSERT INTO `ori_orderdetail` VALUES (148, '6', '49.9', 29, 148);
INSERT INTO `ori_orderdetail` VALUES (149, '5', '27.9', 18, 149);
INSERT INTO `ori_orderdetail` VALUES (150, '1', '19.9', 52, 150);
INSERT INTO `ori_orderdetail` VALUES (151, '2', '68.9', 43, 151);
INSERT INTO `ori_orderdetail` VALUES (152, '1', '19.9', 87, 152);
INSERT INTO `ori_orderdetail` VALUES (153, '2', '68.9', 43, 153);
INSERT INTO `ori_orderdetail` VALUES (154, '4', '109', 53, 154);
INSERT INTO `ori_orderdetail` VALUES (155, '1', '19.9', 87, 155);
INSERT INTO `ori_orderdetail` VALUES (156, '2', '68.9', 43, 156);
INSERT INTO `ori_orderdetail` VALUES (157, '5', '27.9', 85, 157);
INSERT INTO `ori_orderdetail` VALUES (158, '1', '19.9', 34, 158);
INSERT INTO `ori_orderdetail` VALUES (159, '5', '27.9', 85, 159);
INSERT INTO `ori_orderdetail` VALUES (160, '2', '68.9', 52, 160);
INSERT INTO `ori_orderdetail` VALUES (161, '2', '68.9', 52, 161);
INSERT INTO `ori_orderdetail` VALUES (162, '2', '68.9', 52, 162);
INSERT INTO `ori_orderdetail` VALUES (163, '4', '109', 53, 163);
INSERT INTO `ori_orderdetail` VALUES (164, '1', '19.9', 98, 164);
INSERT INTO `ori_orderdetail` VALUES (165, '1', '19.9', 98, 165);
INSERT INTO `ori_orderdetail` VALUES (166, '5', '27.9', 80, 166);
INSERT INTO `ori_orderdetail` VALUES (167, '4', '109', 53, 167);
INSERT INTO `ori_orderdetail` VALUES (168, '2', '68.9', 46, 168);
INSERT INTO `ori_orderdetail` VALUES (169, '2', '68.9', 83, 169);
INSERT INTO `ori_orderdetail` VALUES (170, '3', '59.9', 98, 170);
INSERT INTO `ori_orderdetail` VALUES (171, '4', '109', 93, 171);
INSERT INTO `ori_orderdetail` VALUES (172, '2', '68.9', 83, 172);
INSERT INTO `ori_orderdetail` VALUES (173, '5', '27.9', 38, 173);
INSERT INTO `ori_orderdetail` VALUES (174, '5', '27.9', 38, 174);
INSERT INTO `ori_orderdetail` VALUES (175, '2', '68.9', 30, 175);
INSERT INTO `ori_orderdetail` VALUES (176, '4', '109', 15, 176);
INSERT INTO `ori_orderdetail` VALUES (177, '1', '19.9', 105, 177);
INSERT INTO `ori_orderdetail` VALUES (178, '2', '68.9', 30, 178);
INSERT INTO `ori_orderdetail` VALUES (179, '1', '19.9', 105, 179);
INSERT INTO `ori_orderdetail` VALUES (180, '4', '109', 15, 180);
INSERT INTO `ori_orderdetail` VALUES (181, '3', '59.9', 33, 181);
INSERT INTO `ori_orderdetail` VALUES (182, '3', '59.9', 33, 182);
INSERT INTO `ori_orderdetail` VALUES (183, '5', '27.9', 61, 183);
INSERT INTO `ori_orderdetail` VALUES (184, '1', '19.9', 59, 184);
INSERT INTO `ori_orderdetail` VALUES (185, '1', '19.9', 59, 185);
INSERT INTO `ori_orderdetail` VALUES (186, '5', '27.9', 61, 186);
INSERT INTO `ori_orderdetail` VALUES (187, '1', '19.9', 76, 187);
INSERT INTO `ori_orderdetail` VALUES (188, '5', '27.9', 91, 188);
INSERT INTO `ori_orderdetail` VALUES (189, '2', '68.9', 47, 189);
INSERT INTO `ori_orderdetail` VALUES (190, '5', '27.9', 91, 190);
INSERT INTO `ori_orderdetail` VALUES (191, '4', '109', 34, 191);
INSERT INTO `ori_orderdetail` VALUES (192, '5', '27.9', 91, 192);
INSERT INTO `ori_orderdetail` VALUES (193, '5', '27.9', 9, 193);
INSERT INTO `ori_orderdetail` VALUES (194, '4', '109', 102, 194);
INSERT INTO `ori_orderdetail` VALUES (195, '6', '49.9', 98, 195);
INSERT INTO `ori_orderdetail` VALUES (196, '6', '49.9', 98, 196);
INSERT INTO `ori_orderdetail` VALUES (197, '1', '19.9', 8, 197);
INSERT INTO `ori_orderdetail` VALUES (198, '5', '27.9', 9, 198);
INSERT INTO `ori_orderdetail` VALUES (199, '2', '68.9', 78, 199);
INSERT INTO `ori_orderdetail` VALUES (200, '6', '49.9', 9, 200);
INSERT INTO `ori_orderdetail` VALUES (201, '2', '68.9', 78, 201);
INSERT INTO `ori_orderdetail` VALUES (202, '3', '59.9', 36, 202);
INSERT INTO `ori_orderdetail` VALUES (203, '3', '59.9', 36, 203);
INSERT INTO `ori_orderdetail` VALUES (204, '5', '27.9', 33, 204);
INSERT INTO `ori_orderdetail` VALUES (205, '3', '59.9', 68, 205);
INSERT INTO `ori_orderdetail` VALUES (206, '2', '68.9', 90, 206);
INSERT INTO `ori_orderdetail` VALUES (207, '4', '109', 98, 207);
INSERT INTO `ori_orderdetail` VALUES (208, '1', '19.9', 59, 208);
INSERT INTO `ori_orderdetail` VALUES (209, '2', '68.9', 90, 209);
INSERT INTO `ori_orderdetail` VALUES (210, '2', '68.9', 90, 210);
INSERT INTO `ori_orderdetail` VALUES (211, '1', '19.9', 7, 211);
INSERT INTO `ori_orderdetail` VALUES (212, '3', '59.9', 56, 212);
INSERT INTO `ori_orderdetail` VALUES (213, '4', '109', 41, 213);
INSERT INTO `ori_orderdetail` VALUES (214, '3', '59.9', 56, 214);
INSERT INTO `ori_orderdetail` VALUES (215, '4', '109', 41, 215);
INSERT INTO `ori_orderdetail` VALUES (216, '5', '27.9', 79, 216);
INSERT INTO `ori_orderdetail` VALUES (217, '6', '49.9', 55, 217);
INSERT INTO `ori_orderdetail` VALUES (218, '3', '59.9', 10, 218);
INSERT INTO `ori_orderdetail` VALUES (219, '3', '59.9', 10, 219);
INSERT INTO `ori_orderdetail` VALUES (220, '2', '68.9', 25, 220);
INSERT INTO `ori_orderdetail` VALUES (221, '2', '68.9', 25, 221);
INSERT INTO `ori_orderdetail` VALUES (222, '1', '19.9', 43, 222);
INSERT INTO `ori_orderdetail` VALUES (223, '5', '27.9', 62, 223);
INSERT INTO `ori_orderdetail` VALUES (224, '2', '68.9', 82, 224);
INSERT INTO `ori_orderdetail` VALUES (225, '6', '49.9', 61, 225);
INSERT INTO `ori_orderdetail` VALUES (226, '3', '59.9', 41, 226);
INSERT INTO `ori_orderdetail` VALUES (227, '2', '68.9', 82, 227);
INSERT INTO `ori_orderdetail` VALUES (228, '5', '27.9', 62, 228);
INSERT INTO `ori_orderdetail` VALUES (229, '1', '19.9', 102, 229);
INSERT INTO `ori_orderdetail` VALUES (230, '6', '49.9', 78, 230);
INSERT INTO `ori_orderdetail` VALUES (231, '4', '109', 74, 231);
INSERT INTO `ori_orderdetail` VALUES (232, '3', '59.9', 96, 232);
INSERT INTO `ori_orderdetail` VALUES (233, '4', '109', 74, 233);
INSERT INTO `ori_orderdetail` VALUES (234, '1', '19.9', 102, 234);
INSERT INTO `ori_orderdetail` VALUES (235, '1', '19.9', 100, 235);
INSERT INTO `ori_orderdetail` VALUES (236, '2', '68.9', 99, 236);
INSERT INTO `ori_orderdetail` VALUES (237, '5', '27.9', 72, 237);
INSERT INTO `ori_orderdetail` VALUES (238, '1', '19.9', 100, 238);
INSERT INTO `ori_orderdetail` VALUES (239, '2', '68.9', 99, 239);
INSERT INTO `ori_orderdetail` VALUES (240, '5', '27.9', 72, 240);
INSERT INTO `ori_orderdetail` VALUES (241, '2', '68.9', 19, 241);
INSERT INTO `ori_orderdetail` VALUES (242, '6', '49.9', 59, 242);
INSERT INTO `ori_orderdetail` VALUES (243, '3', '59.9', 63, 243);
INSERT INTO `ori_orderdetail` VALUES (244, '5', '27.9', 84, 244);
INSERT INTO `ori_orderdetail` VALUES (245, '2', '68.9', 19, 245);
INSERT INTO `ori_orderdetail` VALUES (246, '2', '68.9', 19, 246);
INSERT INTO `ori_orderdetail` VALUES (247, '3', '59.9', 20, 247);
INSERT INTO `ori_orderdetail` VALUES (248, '6', '49.9', 90, 248);
INSERT INTO `ori_orderdetail` VALUES (249, '2', '68.9', 30, 249);
INSERT INTO `ori_orderdetail` VALUES (250, '6', '49.9', 90, 250);
INSERT INTO `ori_orderdetail` VALUES (251, '4', '109', 6, 251);
INSERT INTO `ori_orderdetail` VALUES (252, '4', '109', 6, 252);
INSERT INTO `ori_orderdetail` VALUES (253, '4', '109', 86, 253);
INSERT INTO `ori_orderdetail` VALUES (254, '2', '68.9', 16, 254);
INSERT INTO `ori_orderdetail` VALUES (255, '6', '49.9', 90, 255);
INSERT INTO `ori_orderdetail` VALUES (256, '3', '59.9', 91, 256);
INSERT INTO `ori_orderdetail` VALUES (257, '6', '49.9', 90, 257);
INSERT INTO `ori_orderdetail` VALUES (258, '2', '68.9', 16, 258);
INSERT INTO `ori_orderdetail` VALUES (259, '1', '19.9', 64, 259);
INSERT INTO `ori_orderdetail` VALUES (260, '1', '19.9', 64, 260);
INSERT INTO `ori_orderdetail` VALUES (261, '5', '27.9', 75, 261);
INSERT INTO `ori_orderdetail` VALUES (262, '3', '59.9', 99, 262);
INSERT INTO `ori_orderdetail` VALUES (263, '5', '27.9', 75, 263);
INSERT INTO `ori_orderdetail` VALUES (264, '2', '68.9', 25, 264);
INSERT INTO `ori_orderdetail` VALUES (265, '3', '59.9', 74, 265);
INSERT INTO `ori_orderdetail` VALUES (266, '2', '68.9', 72, 266);
INSERT INTO `ori_orderdetail` VALUES (267, '5', '27.9', 60, 267);
INSERT INTO `ori_orderdetail` VALUES (268, '6', '49.9', 13, 268);
INSERT INTO `ori_orderdetail` VALUES (269, '3', '59.9', 74, 269);
INSERT INTO `ori_orderdetail` VALUES (270, '4', '109', 63, 270);
INSERT INTO `ori_orderdetail` VALUES (271, '4', '109', 24, 271);
INSERT INTO `ori_orderdetail` VALUES (272, '6', '49.9', 62, 272);
INSERT INTO `ori_orderdetail` VALUES (273, '4', '109', 24, 273);
INSERT INTO `ori_orderdetail` VALUES (274, '4', '109', 24, 274);
INSERT INTO `ori_orderdetail` VALUES (275, '4', '109', 24, 275);
INSERT INTO `ori_orderdetail` VALUES (276, '4', '109', 24, 276);
INSERT INTO `ori_orderdetail` VALUES (277, '2', '68.9', 53, 277);
INSERT INTO `ori_orderdetail` VALUES (278, '1', '19.9', 48, 278);
INSERT INTO `ori_orderdetail` VALUES (279, '3', '59.9', 71, 279);
INSERT INTO `ori_orderdetail` VALUES (280, '1', '19.9', 48, 280);
INSERT INTO `ori_orderdetail` VALUES (281, '6', '49.9', 7, 281);
INSERT INTO `ori_orderdetail` VALUES (282, '2', '68.9', 53, 282);
INSERT INTO `ori_orderdetail` VALUES (283, '1', '19.9', 73, 283);
INSERT INTO `ori_orderdetail` VALUES (284, '3', '59.9', 57, 284);
INSERT INTO `ori_orderdetail` VALUES (285, '1', '19.9', 73, 285);
INSERT INTO `ori_orderdetail` VALUES (286, '4', '109', 86, 286);
INSERT INTO `ori_orderdetail` VALUES (287, '4', '109', 86, 287);
INSERT INTO `ori_orderdetail` VALUES (288, '2', '68.9', 54, 288);
INSERT INTO `ori_orderdetail` VALUES (289, '5', '27.9', 63, 289);
INSERT INTO `ori_orderdetail` VALUES (290, '4', '109', 84, 290);
INSERT INTO `ori_orderdetail` VALUES (291, '3', '59.9', 81, 291);
INSERT INTO `ori_orderdetail` VALUES (292, '3', '59.9', 81, 292);
INSERT INTO `ori_orderdetail` VALUES (293, '6', '49.9', 51, 293);
INSERT INTO `ori_orderdetail` VALUES (294, '3', '59.9', 81, 294);
INSERT INTO `ori_orderdetail` VALUES (295, '1', '19.9', 27, 295);
INSERT INTO `ori_orderdetail` VALUES (296, '6', '49.9', 33, 296);
INSERT INTO `ori_orderdetail` VALUES (297, '2', '68.9', 37, 297);
INSERT INTO `ori_orderdetail` VALUES (298, '1', '19.9', 27, 298);
INSERT INTO `ori_orderdetail` VALUES (299, '1', '19.9', 27, 299);
INSERT INTO `ori_orderdetail` VALUES (300, '1', '19.9', 27, 300);
INSERT INTO `ori_orderdetail` VALUES (301, '1', '19.9', 21, 301);
INSERT INTO `ori_orderdetail` VALUES (302, '4', '109', 51, 302);
INSERT INTO `ori_orderdetail` VALUES (303, '6', '49.9', 86, 303);
INSERT INTO `ori_orderdetail` VALUES (304, '5', '27.9', 94, 304);
INSERT INTO `ori_orderdetail` VALUES (305, '2', '68.9', 14, 305);
INSERT INTO `ori_orderdetail` VALUES (306, '3', '59.9', 102, 306);
INSERT INTO `ori_orderdetail` VALUES (307, '6', '49.9', 35, 307);
INSERT INTO `ori_orderdetail` VALUES (308, '5', '27.9', 19, 308);
INSERT INTO `ori_orderdetail` VALUES (309, '6', '49.9', 35, 309);
INSERT INTO `ori_orderdetail` VALUES (310, '3', '59.9', 33, 310);
INSERT INTO `ori_orderdetail` VALUES (311, '4', '109', 61, 311);
INSERT INTO `ori_orderdetail` VALUES (312, '4', '109', 61, 312);
INSERT INTO `ori_orderdetail` VALUES (313, '1', '19.9', 34, 313);
INSERT INTO `ori_orderdetail` VALUES (314, '4', '109', 22, 314);
INSERT INTO `ori_orderdetail` VALUES (315, '4', '109', 22, 315);
INSERT INTO `ori_orderdetail` VALUES (316, '4', '109', 22, 316);
INSERT INTO `ori_orderdetail` VALUES (317, '4', '109', 22, 317);
INSERT INTO `ori_orderdetail` VALUES (318, '4', '109', 22, 318);
INSERT INTO `ori_orderdetail` VALUES (319, '2', '68.9', 55, 319);
INSERT INTO `ori_orderdetail` VALUES (320, '5', '27.9', 46, 320);
INSERT INTO `ori_orderdetail` VALUES (321, '6', '49.9', 10, 321);
INSERT INTO `ori_orderdetail` VALUES (322, '6', '49.9', 10, 322);
INSERT INTO `ori_orderdetail` VALUES (323, '4', '109', 61, 323);
INSERT INTO `ori_orderdetail` VALUES (324, '3', '59.9', 21, 324);
INSERT INTO `ori_orderdetail` VALUES (325, '2', '68.9', 7, 325);
INSERT INTO `ori_orderdetail` VALUES (326, '6', '49.9', 37, 326);
INSERT INTO `ori_orderdetail` VALUES (327, '5', '27.9', 81, 327);
INSERT INTO `ori_orderdetail` VALUES (328, '3', '59.9', 7, 328);
INSERT INTO `ori_orderdetail` VALUES (329, '2', '68.9', 7, 329);
INSERT INTO `ori_orderdetail` VALUES (330, '1', '19.9', 101, 330);
INSERT INTO `ori_orderdetail` VALUES (331, '4', '109', 41, 331);
INSERT INTO `ori_orderdetail` VALUES (332, '3', '59.9', 24, 332);
INSERT INTO `ori_orderdetail` VALUES (333, '5', '27.9', 62, 333);
INSERT INTO `ori_orderdetail` VALUES (334, '1', '19.9', 37, 334);
INSERT INTO `ori_orderdetail` VALUES (335, '4', '109', 41, 335);
INSERT INTO `ori_orderdetail` VALUES (336, '1', '19.9', 37, 336);
INSERT INTO `ori_orderdetail` VALUES (337, '2', '68.9', 77, 337);
INSERT INTO `ori_orderdetail` VALUES (338, '3', '59.9', 24, 338);
INSERT INTO `ori_orderdetail` VALUES (339, '6', '49.9', 34, 339);
INSERT INTO `ori_orderdetail` VALUES (340, '5', '27.9', 40, 340);
INSERT INTO `ori_orderdetail` VALUES (341, '5', '27.9', 40, 341);
INSERT INTO `ori_orderdetail` VALUES (342, '6', '49.9', 34, 342);
INSERT INTO `ori_orderdetail` VALUES (343, '4', '109', 19, 343);
INSERT INTO `ori_orderdetail` VALUES (344, '3', '59.9', 18, 344);
INSERT INTO `ori_orderdetail` VALUES (345, '6', '49.9', 102, 345);
INSERT INTO `ori_orderdetail` VALUES (346, '5', '27.9', 17, 346);
INSERT INTO `ori_orderdetail` VALUES (347, '2', '68.9', 92, 347);
INSERT INTO `ori_orderdetail` VALUES (348, '3', '59.9', 18, 348);
INSERT INTO `ori_orderdetail` VALUES (349, '5', '27.9', 9, 349);
INSERT INTO `ori_orderdetail` VALUES (350, '4', '109', 59, 350);
INSERT INTO `ori_orderdetail` VALUES (351, '3', '59.9', 100, 351);
INSERT INTO `ori_orderdetail` VALUES (352, '3', '59.9', 100, 352);
INSERT INTO `ori_orderdetail` VALUES (353, '1', '19.9', 67, 353);
INSERT INTO `ori_orderdetail` VALUES (354, '2', '68.9', 16, 354);
INSERT INTO `ori_orderdetail` VALUES (355, '6', '49.9', 32, 355);
INSERT INTO `ori_orderdetail` VALUES (356, '2', '68.9', 60, 356);
INSERT INTO `ori_orderdetail` VALUES (357, '6', '49.9', 32, 357);
INSERT INTO `ori_orderdetail` VALUES (358, '6', '49.9', 32, 358);
INSERT INTO `ori_orderdetail` VALUES (359, '1', '19.9', 27, 359);
INSERT INTO `ori_orderdetail` VALUES (360, '2', '68.9', 60, 360);
INSERT INTO `ori_orderdetail` VALUES (361, '3', '59.9', 87, 361);
INSERT INTO `ori_orderdetail` VALUES (362, '1', '19.9', 67, 362);
INSERT INTO `ori_orderdetail` VALUES (363, '6', '49.9', 41, 363);
INSERT INTO `ori_orderdetail` VALUES (364, '3', '59.9', 87, 364);
INSERT INTO `ori_orderdetail` VALUES (365, '4', '109', 58, 365);
INSERT INTO `ori_orderdetail` VALUES (366, '3', '59.9', 87, 366);
INSERT INTO `ori_orderdetail` VALUES (367, '6', '49.9', 38, 367);
INSERT INTO `ori_orderdetail` VALUES (368, '6', '49.9', 38, 368);
INSERT INTO `ori_orderdetail` VALUES (369, '4', '109', 90, 369);
INSERT INTO `ori_orderdetail` VALUES (370, '5', '27.9', 98, 370);
INSERT INTO `ori_orderdetail` VALUES (371, '6', '49.9', 38, 371);
INSERT INTO `ori_orderdetail` VALUES (372, '2', '68.9', 29, 372);
INSERT INTO `ori_orderdetail` VALUES (373, '5', '27.9', 62, 373);
INSERT INTO `ori_orderdetail` VALUES (374, '3', '59.9', 78, 374);
INSERT INTO `ori_orderdetail` VALUES (375, '5', '27.9', 62, 375);
INSERT INTO `ori_orderdetail` VALUES (376, '5', '27.9', 62, 376);
INSERT INTO `ori_orderdetail` VALUES (377, '2', '68.9', 10, 377);
INSERT INTO `ori_orderdetail` VALUES (378, '3', '59.9', 78, 378);
INSERT INTO `ori_orderdetail` VALUES (379, '3', '59.9', 53, 379);
INSERT INTO `ori_orderdetail` VALUES (380, '1', '19.9', 87, 380);
INSERT INTO `ori_orderdetail` VALUES (381, '5', '27.9', 12, 381);
INSERT INTO `ori_orderdetail` VALUES (382, '5', '27.9', 12, 382);
INSERT INTO `ori_orderdetail` VALUES (383, '4', '109', 22, 383);
INSERT INTO `ori_orderdetail` VALUES (384, '3', '59.9', 53, 384);
INSERT INTO `ori_orderdetail` VALUES (385, '3', '59.9', 88, 385);
INSERT INTO `ori_orderdetail` VALUES (386, '4', '109', 91, 386);
INSERT INTO `ori_orderdetail` VALUES (387, '3', '59.9', 88, 387);
INSERT INTO `ori_orderdetail` VALUES (388, '3', '59.9', 88, 388);
INSERT INTO `ori_orderdetail` VALUES (389, '3', '59.9', 88, 389);
INSERT INTO `ori_orderdetail` VALUES (390, '6', '49.9', 55, 390);
INSERT INTO `ori_orderdetail` VALUES (391, '1', '19.9', 98, 391);
INSERT INTO `ori_orderdetail` VALUES (392, '6', '49.9', 15, 392);
INSERT INTO `ori_orderdetail` VALUES (393, '5', '27.9', 36, 393);
INSERT INTO `ori_orderdetail` VALUES (394, '5', '27.9', 36, 394);
INSERT INTO `ori_orderdetail` VALUES (395, '5', '27.9', 36, 395);
INSERT INTO `ori_orderdetail` VALUES (396, '1', '19.9', 98, 396);
INSERT INTO `ori_orderdetail` VALUES (397, '4', '109', 40, 397);
INSERT INTO `ori_orderdetail` VALUES (398, '2', '68.9', 99, 398);
INSERT INTO `ori_orderdetail` VALUES (399, '4', '109', 40, 399);
INSERT INTO `ori_orderdetail` VALUES (400, '3', '59.9', 94, 400);
INSERT INTO `ori_orderdetail` VALUES (401, '3', '59.9', 94, 401);
INSERT INTO `ori_orderdetail` VALUES (402, '3', '59.9', 94, 402);
INSERT INTO `ori_orderdetail` VALUES (403, '2', '68.9', 55, 403);
INSERT INTO `ori_orderdetail` VALUES (404, '6', '49.9', 27, 404);
INSERT INTO `ori_orderdetail` VALUES (405, '5', '27.9', 12, 405);
INSERT INTO `ori_orderdetail` VALUES (406, '6', '49.9', 27, 406);
INSERT INTO `ori_orderdetail` VALUES (407, '1', '19.9', 15, 407);
INSERT INTO `ori_orderdetail` VALUES (408, '2', '68.9', 55, 408);
INSERT INTO `ori_orderdetail` VALUES (409, '4', '109', 86, 409);
INSERT INTO `ori_orderdetail` VALUES (410, '6', '49.9', 20, 410);
INSERT INTO `ori_orderdetail` VALUES (411, '2', '68.9', 41, 411);
INSERT INTO `ori_orderdetail` VALUES (412, '4', '109', 86, 412);
INSERT INTO `ori_orderdetail` VALUES (413, '6', '49.9', 20, 413);
INSERT INTO `ori_orderdetail` VALUES (414, '3', '59.9', 62, 414);
INSERT INTO `ori_orderdetail` VALUES (415, '5', '27.9', 26, 415);
INSERT INTO `ori_orderdetail` VALUES (416, '6', '49.9', 31, 416);
INSERT INTO `ori_orderdetail` VALUES (417, '1', '19.9', 60, 417);
INSERT INTO `ori_orderdetail` VALUES (418, '5', '27.9', 26, 418);
INSERT INTO `ori_orderdetail` VALUES (419, '3', '59.9', 59, 419);
INSERT INTO `ori_orderdetail` VALUES (420, '5', '27.9', 26, 420);
INSERT INTO `ori_orderdetail` VALUES (421, '6', '49.9', 7, 421);
INSERT INTO `ori_orderdetail` VALUES (422, '2', '68.9', 93, 422);
INSERT INTO `ori_orderdetail` VALUES (423, '3', '59.9', 74, 423);
INSERT INTO `ori_orderdetail` VALUES (424, '4', '109', 91, 424);
INSERT INTO `ori_orderdetail` VALUES (425, '1', '19.9', 53, 425);
INSERT INTO `ori_orderdetail` VALUES (426, '4', '109', 91, 426);
INSERT INTO `ori_orderdetail` VALUES (427, '3', '59.9', 12, 427);
INSERT INTO `ori_orderdetail` VALUES (428, '4', '109', 52, 428);
INSERT INTO `ori_orderdetail` VALUES (429, '2', '68.9', 52, 429);
INSERT INTO `ori_orderdetail` VALUES (430, '3', '59.9', 12, 430);
INSERT INTO `ori_orderdetail` VALUES (431, '1', '19.9', 96, 431);
INSERT INTO `ori_orderdetail` VALUES (432, '3', '59.9', 12, 432);
INSERT INTO `ori_orderdetail` VALUES (433, '3', '59.9', 28, 433);
INSERT INTO `ori_orderdetail` VALUES (434, '6', '49.9', 17, 434);
INSERT INTO `ori_orderdetail` VALUES (435, '3', '59.9', 28, 435);
INSERT INTO `ori_orderdetail` VALUES (436, '3', '59.9', 28, 436);
INSERT INTO `ori_orderdetail` VALUES (437, '2', '68.9', 96, 437);
INSERT INTO `ori_orderdetail` VALUES (438, '2', '68.9', 96, 438);
INSERT INTO `ori_orderdetail` VALUES (439, '6', '49.9', 36, 439);
INSERT INTO `ori_orderdetail` VALUES (440, '5', '27.9', 68, 440);
INSERT INTO `ori_orderdetail` VALUES (441, '2', '68.9', 65, 441);
INSERT INTO `ori_orderdetail` VALUES (442, '5', '27.9', 68, 442);
INSERT INTO `ori_orderdetail` VALUES (443, '5', '27.9', 68, 443);
INSERT INTO `ori_orderdetail` VALUES (444, '5', '27.9', 68, 444);
INSERT INTO `ori_orderdetail` VALUES (445, '4', '109', 69, 445);
INSERT INTO `ori_orderdetail` VALUES (446, '4', '109', 69, 446);
INSERT INTO `ori_orderdetail` VALUES (447, '3', '59.9', 104, 447);
INSERT INTO `ori_orderdetail` VALUES (448, '5', '27.9', 20, 448);
INSERT INTO `ori_orderdetail` VALUES (449, '4', '109', 69, 449);
INSERT INTO `ori_orderdetail` VALUES (450, '1', '19.9', 49, 450);
INSERT INTO `ori_orderdetail` VALUES (451, '6', '49.9', 37, 451);
INSERT INTO `ori_orderdetail` VALUES (452, '5', '27.9', 78, 452);
INSERT INTO `ori_orderdetail` VALUES (453, '2', '68.9', 48, 453);
INSERT INTO `ori_orderdetail` VALUES (454, '1', '19.9', 50, 454);
INSERT INTO `ori_orderdetail` VALUES (455, '4', '109', 44, 455);
INSERT INTO `ori_orderdetail` VALUES (456, '1', '19.9', 50, 456);
INSERT INTO `ori_orderdetail` VALUES (457, '2', '68.9', 41, 457);
INSERT INTO `ori_orderdetail` VALUES (458, '5', '27.9', 26, 458);
INSERT INTO `ori_orderdetail` VALUES (459, '6', '49.9', 36, 459);
INSERT INTO `ori_orderdetail` VALUES (460, '5', '27.9', 26, 460);
INSERT INTO `ori_orderdetail` VALUES (461, '1', '19.9', 63, 461);
INSERT INTO `ori_orderdetail` VALUES (462, '4', '109', 11, 462);
INSERT INTO `ori_orderdetail` VALUES (463, '6', '49.9', 25, 463);
INSERT INTO `ori_orderdetail` VALUES (464, '4', '109', 14, 464);
INSERT INTO `ori_orderdetail` VALUES (465, '2', '68.9', 23, 465);
INSERT INTO `ori_orderdetail` VALUES (466, '4', '109', 14, 466);
INSERT INTO `ori_orderdetail` VALUES (467, '5', '27.9', 51, 467);
INSERT INTO `ori_orderdetail` VALUES (468, '1', '19.9', 76, 468);
INSERT INTO `ori_orderdetail` VALUES (469, '2', '68.9', 89, 469);
INSERT INTO `ori_orderdetail` VALUES (470, '6', '49.9', 87, 470);
INSERT INTO `ori_orderdetail` VALUES (471, '6', '49.9', 87, 471);
INSERT INTO `ori_orderdetail` VALUES (472, '3', '59.9', 27, 472);
INSERT INTO `ori_orderdetail` VALUES (473, '5', '27.9', 77, 473);
INSERT INTO `ori_orderdetail` VALUES (474, '2', '68.9', 89, 474);
INSERT INTO `ori_orderdetail` VALUES (475, '5', '27.9', 68, 475);
INSERT INTO `ori_orderdetail` VALUES (476, '3', '59.9', 48, 476);
INSERT INTO `ori_orderdetail` VALUES (477, '2', '68.9', 72, 477);
INSERT INTO `ori_orderdetail` VALUES (478, '2', '68.9', 72, 478);
INSERT INTO `ori_orderdetail` VALUES (479, '6', '49.9', 26, 479);
INSERT INTO `ori_orderdetail` VALUES (480, '5', '27.9', 68, 480);
INSERT INTO `ori_orderdetail` VALUES (481, '6', '49.9', 14, 481);
INSERT INTO `ori_orderdetail` VALUES (482, '6', '49.9', 14, 482);
INSERT INTO `ori_orderdetail` VALUES (483, '1', '19.9', 21, 483);
INSERT INTO `ori_orderdetail` VALUES (484, '2', '68.9', 42, 484);
INSERT INTO `ori_orderdetail` VALUES (485, '1', '19.9', 21, 485);
INSERT INTO `ori_orderdetail` VALUES (486, '2', '68.9', 42, 486);
INSERT INTO `ori_orderdetail` VALUES (487, '1', '19.9', 70, 487);
INSERT INTO `ori_orderdetail` VALUES (488, '5', '27.9', 97, 488);
INSERT INTO `ori_orderdetail` VALUES (489, '2', '68.9', 78, 489);
INSERT INTO `ori_orderdetail` VALUES (490, '5', '27.9', 97, 490);
INSERT INTO `ori_orderdetail` VALUES (491, '6', '49.9', 82, 491);
INSERT INTO `ori_orderdetail` VALUES (492, '5', '27.9', 97, 492);
INSERT INTO `ori_orderdetail` VALUES (493, '2', '68.9', 78, 493);
INSERT INTO `ori_orderdetail` VALUES (494, '6', '49.9', 25, 494);
INSERT INTO `ori_orderdetail` VALUES (495, '3', '59.9', 20, 495);
INSERT INTO `ori_orderdetail` VALUES (496, '2', '68.9', 78, 496);
INSERT INTO `ori_orderdetail` VALUES (497, '2', '68.9', 78, 497);
INSERT INTO `ori_orderdetail` VALUES (498, '3', '59.9', 20, 498);
INSERT INTO `ori_orderdetail` VALUES (499, '4', '109', 41, 499);
INSERT INTO `ori_orderdetail` VALUES (500, '2', '68.9', 80, 500);
INSERT INTO `ori_orderdetail` VALUES (501, '3', '59.9', 26, 501);
INSERT INTO `ori_orderdetail` VALUES (502, '4', '109', 41, 502);
INSERT INTO `ori_orderdetail` VALUES (503, '6', '49.9', 88, 503);
INSERT INTO `ori_orderdetail` VALUES (504, '4', '109', 41, 504);
INSERT INTO `ori_orderdetail` VALUES (505, '5', '27.9', 31, 505);
INSERT INTO `ori_orderdetail` VALUES (506, '4', '109', 45, 506);
INSERT INTO `ori_orderdetail` VALUES (507, '4', '109', 45, 507);
INSERT INTO `ori_orderdetail` VALUES (508, '6', '49.9', 30, 508);
INSERT INTO `ori_orderdetail` VALUES (509, '1', '19.9', 53, 509);
INSERT INTO `ori_orderdetail` VALUES (510, '5', '27.9', 31, 510);
INSERT INTO `ori_orderdetail` VALUES (511, '1', '19.9', 44, 511);
INSERT INTO `ori_orderdetail` VALUES (512, '4', '109', 94, 512);
INSERT INTO `ori_orderdetail` VALUES (513, '3', '59.9', 105, 513);
INSERT INTO `ori_orderdetail` VALUES (514, '5', '27.9', 38, 514);
INSERT INTO `ori_orderdetail` VALUES (515, '3', '59.9', 105, 515);
INSERT INTO `ori_orderdetail` VALUES (516, '1', '19.9', 44, 516);
INSERT INTO `ori_orderdetail` VALUES (517, '6', '49.9', 104, 517);
INSERT INTO `ori_orderdetail` VALUES (518, '5', '27.9', 63, 518);
INSERT INTO `ori_orderdetail` VALUES (519, '1', '19.9', 45, 519);
INSERT INTO `ori_orderdetail` VALUES (520, '2', '68.9', 88, 520);
INSERT INTO `ori_orderdetail` VALUES (521, '1', '19.9', 45, 521);
INSERT INTO `ori_orderdetail` VALUES (522, '6', '49.9', 104, 522);
INSERT INTO `ori_orderdetail` VALUES (523, '2', '68.9', 45, 523);
INSERT INTO `ori_orderdetail` VALUES (524, '1', '19.9', 54, 524);
INSERT INTO `ori_orderdetail` VALUES (525, '3', '59.9', 30, 525);
INSERT INTO `ori_orderdetail` VALUES (526, '1', '19.9', 54, 526);
INSERT INTO `ori_orderdetail` VALUES (527, '5', '27.9', 52, 527);
INSERT INTO `ori_orderdetail` VALUES (528, '6', '49.9', 64, 528);
INSERT INTO `ori_orderdetail` VALUES (529, '5', '27.9', 103, 529);
INSERT INTO `ori_orderdetail` VALUES (530, '1', '19.9', 12, 530);
INSERT INTO `ori_orderdetail` VALUES (531, '5', '27.9', 103, 531);
INSERT INTO `ori_orderdetail` VALUES (532, '3', '59.9', 16, 532);
INSERT INTO `ori_orderdetail` VALUES (533, '1', '19.9', 12, 533);
INSERT INTO `ori_orderdetail` VALUES (534, '3', '59.9', 16, 534);
INSERT INTO `ori_orderdetail` VALUES (535, '1', '19.9', 77, 535);
INSERT INTO `ori_orderdetail` VALUES (536, '4', '109', 68, 536);
INSERT INTO `ori_orderdetail` VALUES (537, '4', '109', 68, 537);
INSERT INTO `ori_orderdetail` VALUES (538, '5', '27.9', 33, 538);
INSERT INTO `ori_orderdetail` VALUES (539, '6', '49.9', 13, 539);
INSERT INTO `ori_orderdetail` VALUES (540, '2', '68.9', 14, 540);
INSERT INTO `ori_orderdetail` VALUES (1, '2', '68.9', 22, 541);
INSERT INTO `ori_orderdetail` VALUES (2, '6', '49.9', 41, 542);
INSERT INTO `ori_orderdetail` VALUES (3, '1', '19.9', 98, 543);
INSERT INTO `ori_orderdetail` VALUES (4, '6', '49.9', 41, 544);
INSERT INTO `ori_orderdetail` VALUES (5, '4', '109', 76, 545);
INSERT INTO `ori_orderdetail` VALUES (6, '6', '49.9', 41, 546);
INSERT INTO `ori_orderdetail` VALUES (7, '6', '49.9', 22, 547);
INSERT INTO `ori_orderdetail` VALUES (8, '4', '109', 9, 548);
INSERT INTO `ori_orderdetail` VALUES (9, '2', '68.9', 23, 549);
INSERT INTO `ori_orderdetail` VALUES (10, '6', '49.9', 22, 550);
INSERT INTO `ori_orderdetail` VALUES (11, '4', '109', 9, 551);
INSERT INTO `ori_orderdetail` VALUES (12, '1', '19.9', 52, 552);
INSERT INTO `ori_orderdetail` VALUES (13, '1', '19.9', 64, 553);
INSERT INTO `ori_orderdetail` VALUES (14, '1', '19.9', 64, 554);
INSERT INTO `ori_orderdetail` VALUES (15, '4', '109', 86, 555);
INSERT INTO `ori_orderdetail` VALUES (16, '5', '27.9', 42, 556);
INSERT INTO `ori_orderdetail` VALUES (17, '3', '59.9', 55, 557);
INSERT INTO `ori_orderdetail` VALUES (18, '3', '59.9', 55, 558);
INSERT INTO `ori_orderdetail` VALUES (19, '2', '68.9', 24, 559);
INSERT INTO `ori_orderdetail` VALUES (20, '6', '49.9', 43, 560);
INSERT INTO `ori_orderdetail` VALUES (21, '2', '68.9', 24, 561);
INSERT INTO `ori_orderdetail` VALUES (22, '6', '49.9', 43, 562);
INSERT INTO `ori_orderdetail` VALUES (23, '1', '19.9', 17, 563);
INSERT INTO `ori_orderdetail` VALUES (24, '3', '59.9', 64, 564);
INSERT INTO `ori_orderdetail` VALUES (25, '6', '49.9', 96, 565);
INSERT INTO `ori_orderdetail` VALUES (26, '2', '68.9', 13, 566);
INSERT INTO `ori_orderdetail` VALUES (27, '1', '19.9', 104, 567);
INSERT INTO `ori_orderdetail` VALUES (28, '6', '49.9', 96, 568);
INSERT INTO `ori_orderdetail` VALUES (29, '3', '59.9', 13, 569);
INSERT INTO `ori_orderdetail` VALUES (30, '4', '109', 42, 570);
INSERT INTO `ori_orderdetail` VALUES (31, '2', '68.9', 47, 571);
INSERT INTO `ori_orderdetail` VALUES (32, '6', '49.9', 24, 572);
INSERT INTO `ori_orderdetail` VALUES (33, '5', '27.9', 20, 573);
INSERT INTO `ori_orderdetail` VALUES (34, '6', '49.9', 24, 574);
INSERT INTO `ori_orderdetail` VALUES (35, '1', '19.9', 94, 575);
INSERT INTO `ori_orderdetail` VALUES (36, '6', '49.9', 24, 576);
INSERT INTO `ori_orderdetail` VALUES (37, '1', '19.9', 63, 577);
INSERT INTO `ori_orderdetail` VALUES (38, '3', '59.9', 51, 578);
INSERT INTO `ori_orderdetail` VALUES (39, '2', '68.9', 20, 579);
INSERT INTO `ori_orderdetail` VALUES (40, '5', '27.9', 70, 580);
INSERT INTO `ori_orderdetail` VALUES (41, '1', '19.9', 63, 581);
INSERT INTO `ori_orderdetail` VALUES (42, '2', '68.9', 20, 582);
INSERT INTO `ori_orderdetail` VALUES (43, '3', '59.9', 75, 583);
INSERT INTO `ori_orderdetail` VALUES (44, '1', '19.9', 27, 584);
INSERT INTO `ori_orderdetail` VALUES (45, '4', '109', 19, 585);
INSERT INTO `ori_orderdetail` VALUES (46, '4', '109', 19, 586);
INSERT INTO `ori_orderdetail` VALUES (47, '2', '68.9', 91, 587);
INSERT INTO `ori_orderdetail` VALUES (48, '2', '68.9', 91, 588);
INSERT INTO `ori_orderdetail` VALUES (49, '2', '68.9', 25, 589);
INSERT INTO `ori_orderdetail` VALUES (50, '6', '49.9', 94, 590);
INSERT INTO `ori_orderdetail` VALUES (51, '3', '59.9', 74, 591);
INSERT INTO `ori_orderdetail` VALUES (52, '4', '109', 90, 592);
INSERT INTO `ori_orderdetail` VALUES (53, '6', '49.9', 94, 593);
INSERT INTO `ori_orderdetail` VALUES (54, '2', '68.9', 25, 594);
INSERT INTO `ori_orderdetail` VALUES (55, '3', '59.9', 36, 595);
INSERT INTO `ori_orderdetail` VALUES (56, '4', '109', 58, 596);
INSERT INTO `ori_orderdetail` VALUES (57, '4', '109', 58, 597);
INSERT INTO `ori_orderdetail` VALUES (58, '1', '19.9', 55, 598);
INSERT INTO `ori_orderdetail` VALUES (59, '3', '59.9', 36, 599);
INSERT INTO `ori_orderdetail` VALUES (60, '1', '19.9', 55, 600);
INSERT INTO `ori_orderdetail` VALUES (61, '4', '109', 63, 601);
INSERT INTO `ori_orderdetail` VALUES (62, '6', '49.9', 9, 602);
INSERT INTO `ori_orderdetail` VALUES (63, '6', '49.9', 9, 603);
INSERT INTO `ori_orderdetail` VALUES (64, '1', '19.9', 71, 604);
INSERT INTO `ori_orderdetail` VALUES (65, '4', '109', 63, 605);
INSERT INTO `ori_orderdetail` VALUES (66, '4', '109', 63, 606);
INSERT INTO `ori_orderdetail` VALUES (67, '6', '49.9', 17, 607);
INSERT INTO `ori_orderdetail` VALUES (68, '1', '19.9', 72, 608);
INSERT INTO `ori_orderdetail` VALUES (69, '5', '27.9', 19, 609);
INSERT INTO `ori_orderdetail` VALUES (70, '4', '109', 72, 610);
INSERT INTO `ori_orderdetail` VALUES (71, '2', '68.9', 94, 611);
INSERT INTO `ori_orderdetail` VALUES (72, '2', '68.9', 94, 612);
INSERT INTO `ori_orderdetail` VALUES (73, '6', '49.9', 94, 613);
INSERT INTO `ori_orderdetail` VALUES (74, '5', '27.9', 97, 614);
INSERT INTO `ori_orderdetail` VALUES (75, '2', '68.9', 77, 615);
INSERT INTO `ori_orderdetail` VALUES (76, '1', '19.9', 12, 616);
INSERT INTO `ori_orderdetail` VALUES (77, '3', '59.9', 86, 617);
INSERT INTO `ori_orderdetail` VALUES (78, '3', '59.9', 86, 618);
INSERT INTO `ori_orderdetail` VALUES (79, '2', '68.9', 81, 619);
INSERT INTO `ori_orderdetail` VALUES (80, '5', '27.9', 46, 620);
INSERT INTO `ori_orderdetail` VALUES (81, '3', '59.9', 34, 621);
INSERT INTO `ori_orderdetail` VALUES (82, '6', '49.9', 11, 622);
INSERT INTO `ori_orderdetail` VALUES (83, '1', '19.9', 70, 623);
INSERT INTO `ori_orderdetail` VALUES (84, '5', '27.9', 46, 624);
INSERT INTO `ori_orderdetail` VALUES (85, '2', '68.9', 15, 625);
INSERT INTO `ori_orderdetail` VALUES (86, '3', '59.9', 21, 626);
INSERT INTO `ori_orderdetail` VALUES (87, '1', '19.9', 25, 627);
INSERT INTO `ori_orderdetail` VALUES (88, '3', '59.9', 21, 628);
INSERT INTO `ori_orderdetail` VALUES (89, '4', '109', 32, 629);
INSERT INTO `ori_orderdetail` VALUES (90, '2', '68.9', 15, 630);
INSERT INTO `ori_orderdetail` VALUES (91, '6', '49.9', 70, 631);
INSERT INTO `ori_orderdetail` VALUES (92, '2', '68.9', 100, 632);
INSERT INTO `ori_orderdetail` VALUES (93, '4', '109', 67, 633);
INSERT INTO `ori_orderdetail` VALUES (94, '5', '27.9', 85, 634);
INSERT INTO `ori_orderdetail` VALUES (95, '6', '49.9', 70, 635);
INSERT INTO `ori_orderdetail` VALUES (96, '5', '27.9', 85, 636);
INSERT INTO `ori_orderdetail` VALUES (97, '3', '59.9', 16, 637);
INSERT INTO `ori_orderdetail` VALUES (98, '3', '59.9', 16, 638);
INSERT INTO `ori_orderdetail` VALUES (99, '3', '59.9', 16, 639);
INSERT INTO `ori_orderdetail` VALUES (100, '2', '68.9', 42, 640);
INSERT INTO `ori_orderdetail` VALUES (101, '1', '19.9', 86, 641);
INSERT INTO `ori_orderdetail` VALUES (102, '6', '49.9', 77, 642);
INSERT INTO `ori_orderdetail` VALUES (103, '2', '68.9', 99, 643);
INSERT INTO `ori_orderdetail` VALUES (104, '1', '19.9', 28, 644);
INSERT INTO `ori_orderdetail` VALUES (105, '5', '27.9', 65, 645);
INSERT INTO `ori_orderdetail` VALUES (106, '1', '19.9', 28, 646);
INSERT INTO `ori_orderdetail` VALUES (107, '2', '68.9', 99, 647);
INSERT INTO `ori_orderdetail` VALUES (108, '1', '19.9', 28, 648);
INSERT INTO `ori_orderdetail` VALUES (109, '5', '27.9', 37, 649);
INSERT INTO `ori_orderdetail` VALUES (110, '5', '27.9', 37, 650);
INSERT INTO `ori_orderdetail` VALUES (111, '1', '19.9', 99, 651);
INSERT INTO `ori_orderdetail` VALUES (112, '5', '27.9', 37, 652);
INSERT INTO `ori_orderdetail` VALUES (113, '4', '109', 60, 653);
INSERT INTO `ori_orderdetail` VALUES (114, '2', '68.9', 31, 654);
INSERT INTO `ori_orderdetail` VALUES (115, '3', '59.9', 59, 655);
INSERT INTO `ori_orderdetail` VALUES (116, '6', '49.9', 85, 656);
INSERT INTO `ori_orderdetail` VALUES (117, '6', '49.9', 85, 657);
INSERT INTO `ori_orderdetail` VALUES (118, '2', '68.9', 78, 658);
INSERT INTO `ori_orderdetail` VALUES (119, '6', '49.9', 85, 659);
INSERT INTO `ori_orderdetail` VALUES (120, '5', '27.9', 68, 660);
INSERT INTO `ori_orderdetail` VALUES (121, '6', '49.9', 90, 661);
INSERT INTO `ori_orderdetail` VALUES (122, '4', '109', 53, 662);
INSERT INTO `ori_orderdetail` VALUES (123, '1', '19.9', 13, 663);
INSERT INTO `ori_orderdetail` VALUES (124, '3', '59.9', 45, 664);
INSERT INTO `ori_orderdetail` VALUES (125, '3', '59.9', 45, 665);
INSERT INTO `ori_orderdetail` VALUES (126, '4', '109', 53, 666);
INSERT INTO `ori_orderdetail` VALUES (127, '1', '19.9', 22, 667);
INSERT INTO `ori_orderdetail` VALUES (128, '1', '19.9', 22, 668);
INSERT INTO `ori_orderdetail` VALUES (129, '2', '68.9', 99, 669);
INSERT INTO `ori_orderdetail` VALUES (130, '3', '59.9', 68, 670);
INSERT INTO `ori_orderdetail` VALUES (131, '3', '59.9', 68, 671);
INSERT INTO `ori_orderdetail` VALUES (132, '3', '59.9', 68, 672);
INSERT INTO `ori_orderdetail` VALUES (133, '3', '59.9', 50, 673);
INSERT INTO `ori_orderdetail` VALUES (134, '5', '27.9', 37, 674);
INSERT INTO `ori_orderdetail` VALUES (135, '3', '59.9', 50, 675);
INSERT INTO `ori_orderdetail` VALUES (136, '1', '19.9', 90, 676);
INSERT INTO `ori_orderdetail` VALUES (137, '2', '68.9', 98, 677);
INSERT INTO `ori_orderdetail` VALUES (138, '6', '49.9', 105, 678);
INSERT INTO `ori_orderdetail` VALUES (139, '2', '68.9', 85, 679);
INSERT INTO `ori_orderdetail` VALUES (140, '5', '27.9', 75, 680);
INSERT INTO `ori_orderdetail` VALUES (141, '5', '27.9', 75, 681);
INSERT INTO `ori_orderdetail` VALUES (142, '6', '49.9', 75, 682);
INSERT INTO `ori_orderdetail` VALUES (143, '4', '109', 105, 683);
INSERT INTO `ori_orderdetail` VALUES (144, '2', '68.9', 85, 684);
INSERT INTO `ori_orderdetail` VALUES (145, '6', '49.9', 32, 685);
INSERT INTO `ori_orderdetail` VALUES (146, '2', '68.9', 59, 686);
INSERT INTO `ori_orderdetail` VALUES (147, '2', '68.9', 59, 687);
INSERT INTO `ori_orderdetail` VALUES (148, '6', '49.9', 32, 688);
INSERT INTO `ori_orderdetail` VALUES (149, '6', '49.9', 32, 689);
INSERT INTO `ori_orderdetail` VALUES (150, '5', '27.9', 13, 690);
INSERT INTO `ori_orderdetail` VALUES (151, '6', '49.9', 67, 691);
INSERT INTO `ori_orderdetail` VALUES (152, '5', '27.9', 42, 692);
INSERT INTO `ori_orderdetail` VALUES (153, '4', '109', 36, 693);
INSERT INTO `ori_orderdetail` VALUES (154, '6', '49.9', 67, 694);
INSERT INTO `ori_orderdetail` VALUES (155, '5', '27.9', 42, 695);
INSERT INTO `ori_orderdetail` VALUES (156, '1', '19.9', 104, 696);
INSERT INTO `ori_orderdetail` VALUES (157, '5', '27.9', 64, 697);
INSERT INTO `ori_orderdetail` VALUES (158, '5', '27.9', 64, 698);
INSERT INTO `ori_orderdetail` VALUES (159, '3', '59.9', 77, 699);
INSERT INTO `ori_orderdetail` VALUES (160, '3', '59.9', 77, 700);
INSERT INTO `ori_orderdetail` VALUES (161, '2', '68.9', 104, 701);
INSERT INTO `ori_orderdetail` VALUES (162, '6', '49.9', 26, 702);
INSERT INTO `ori_orderdetail` VALUES (163, '3', '59.9', 89, 703);
INSERT INTO `ori_orderdetail` VALUES (164, '3', '59.9', 89, 704);
INSERT INTO `ori_orderdetail` VALUES (165, '5', '27.9', 60, 705);
INSERT INTO `ori_orderdetail` VALUES (166, '3', '59.9', 89, 706);
INSERT INTO `ori_orderdetail` VALUES (167, '6', '49.9', 69, 707);
INSERT INTO `ori_orderdetail` VALUES (168, '4', '109', 51, 708);
INSERT INTO `ori_orderdetail` VALUES (169, '4', '109', 14, 709);
INSERT INTO `ori_orderdetail` VALUES (170, '4', '109', 14, 710);
INSERT INTO `ori_orderdetail` VALUES (171, '2', '68.9', 32, 711);
INSERT INTO `ori_orderdetail` VALUES (172, '1', '19.9', 89, 712);
INSERT INTO `ori_orderdetail` VALUES (173, '5', '27.9', 8, 713);
INSERT INTO `ori_orderdetail` VALUES (174, '1', '19.9', 89, 714);
INSERT INTO `ori_orderdetail` VALUES (175, '3', '59.9', 43, 715);
INSERT INTO `ori_orderdetail` VALUES (176, '5', '27.9', 76, 716);
INSERT INTO `ori_orderdetail` VALUES (177, '6', '49.9', 30, 717);
INSERT INTO `ori_orderdetail` VALUES (178, '4', '109', 101, 718);
INSERT INTO `ori_orderdetail` VALUES (179, '3', '59.9', 43, 719);
INSERT INTO `ori_orderdetail` VALUES (180, '2', '68.9', 58, 720);
INSERT INTO `ori_orderdetail` VALUES (181, '4', '109', 14, 721);
INSERT INTO `ori_orderdetail` VALUES (182, '2', '68.9', 49, 722);
INSERT INTO `ori_orderdetail` VALUES (183, '4', '109', 14, 723);
INSERT INTO `ori_orderdetail` VALUES (184, '5', '27.9', 65, 724);
INSERT INTO `ori_orderdetail` VALUES (185, '3', '59.9', 48, 725);
INSERT INTO `ori_orderdetail` VALUES (186, '2', '68.9', 49, 726);
INSERT INTO `ori_orderdetail` VALUES (187, '5', '27.9', 91, 727);
INSERT INTO `ori_orderdetail` VALUES (188, '3', '59.9', 35, 728);
INSERT INTO `ori_orderdetail` VALUES (189, '5', '27.9', 91, 729);
INSERT INTO `ori_orderdetail` VALUES (190, '2', '68.9', 29, 730);
INSERT INTO `ori_orderdetail` VALUES (191, '2', '68.9', 29, 731);
INSERT INTO `ori_orderdetail` VALUES (192, '6', '49.9', 24, 732);
INSERT INTO `ori_orderdetail` VALUES (193, '4', '109', 82, 733);
INSERT INTO `ori_orderdetail` VALUES (194, '3', '59.9', 65, 734);
INSERT INTO `ori_orderdetail` VALUES (195, '6', '49.9', 58, 735);
INSERT INTO `ori_orderdetail` VALUES (196, '6', '49.9', 58, 736);
INSERT INTO `ori_orderdetail` VALUES (197, '4', '109', 82, 737);
INSERT INTO `ori_orderdetail` VALUES (198, '2', '68.9', 47, 738);
INSERT INTO `ori_orderdetail` VALUES (199, '4', '109', 34, 739);
INSERT INTO `ori_orderdetail` VALUES (200, '4', '109', 34, 740);
INSERT INTO `ori_orderdetail` VALUES (201, '2', '68.9', 20, 741);
INSERT INTO `ori_orderdetail` VALUES (202, '3', '59.9', 22, 742);
INSERT INTO `ori_orderdetail` VALUES (203, '6', '49.9', 81, 743);
INSERT INTO `ori_orderdetail` VALUES (204, '4', '109', 34, 744);
INSERT INTO `ori_orderdetail` VALUES (205, '6', '49.9', 11, 745);
INSERT INTO `ori_orderdetail` VALUES (206, '5', '27.9', 73, 746);
INSERT INTO `ori_orderdetail` VALUES (207, '4', '109', 49, 747);
INSERT INTO `ori_orderdetail` VALUES (208, '4', '109', 49, 748);
INSERT INTO `ori_orderdetail` VALUES (209, '5', '27.9', 73, 749);
INSERT INTO `ori_orderdetail` VALUES (210, '5', '27.9', 73, 750);
INSERT INTO `ori_orderdetail` VALUES (211, '4', '109', 30, 751);
INSERT INTO `ori_orderdetail` VALUES (212, '4', '109', 30, 752);
INSERT INTO `ori_orderdetail` VALUES (213, '2', '68.9', 39, 753);
INSERT INTO `ori_orderdetail` VALUES (214, '1', '19.9', 18, 754);
INSERT INTO `ori_orderdetail` VALUES (215, '3', '59.9', 11, 755);
INSERT INTO `ori_orderdetail` VALUES (216, '5', '27.9', 13, 756);
INSERT INTO `ori_orderdetail` VALUES (217, '6', '49.9', 63, 757);
INSERT INTO `ori_orderdetail` VALUES (218, '5', '27.9', 12, 758);
INSERT INTO `ori_orderdetail` VALUES (219, '4', '109', 11, 759);
INSERT INTO `ori_orderdetail` VALUES (220, '4', '109', 11, 760);
INSERT INTO `ori_orderdetail` VALUES (221, '1', '19.9', 59, 761);
INSERT INTO `ori_orderdetail` VALUES (222, '6', '49.9', 63, 762);
INSERT INTO `ori_orderdetail` VALUES (223, '2', '68.9', 43, 763);
INSERT INTO `ori_orderdetail` VALUES (224, '3', '59.9', 52, 764);
INSERT INTO `ori_orderdetail` VALUES (225, '1', '19.9', 63, 765);
INSERT INTO `ori_orderdetail` VALUES (226, '5', '27.9', 62, 766);
INSERT INTO `ori_orderdetail` VALUES (227, '1', '19.9', 63, 767);
INSERT INTO `ori_orderdetail` VALUES (228, '3', '59.9', 52, 768);
INSERT INTO `ori_orderdetail` VALUES (229, '5', '27.9', 62, 769);
INSERT INTO `ori_orderdetail` VALUES (230, '1', '19.9', 60, 770);
INSERT INTO `ori_orderdetail` VALUES (231, '5', '27.9', 62, 771);
INSERT INTO `ori_orderdetail` VALUES (232, '6', '49.9', 46, 772);
INSERT INTO `ori_orderdetail` VALUES (233, '3', '59.9', 32, 773);
INSERT INTO `ori_orderdetail` VALUES (234, '2', '68.9', 62, 774);
INSERT INTO `ori_orderdetail` VALUES (235, '2', '68.9', 92, 775);
INSERT INTO `ori_orderdetail` VALUES (236, '5', '27.9', 23, 776);
INSERT INTO `ori_orderdetail` VALUES (237, '2', '68.9', 92, 777);
INSERT INTO `ori_orderdetail` VALUES (238, '2', '68.9', 92, 778);
INSERT INTO `ori_orderdetail` VALUES (239, '4', '109', 78, 779);
INSERT INTO `ori_orderdetail` VALUES (240, '2', '68.9', 92, 780);
INSERT INTO `ori_orderdetail` VALUES (241, '6', '49.9', 91, 781);
INSERT INTO `ori_orderdetail` VALUES (242, '1', '19.9', 56, 782);
INSERT INTO `ori_orderdetail` VALUES (243, '1', '19.9', 56, 783);
INSERT INTO `ori_orderdetail` VALUES (244, '2', '68.9', 29, 784);
INSERT INTO `ori_orderdetail` VALUES (245, '5', '27.9', 90, 785);
INSERT INTO `ori_orderdetail` VALUES (246, '6', '49.9', 91, 786);
INSERT INTO `ori_orderdetail` VALUES (247, '5', '27.9', 97, 787);
INSERT INTO `ori_orderdetail` VALUES (248, '4', '109', 71, 788);
INSERT INTO `ori_orderdetail` VALUES (249, '1', '19.9', 25, 789);
INSERT INTO `ori_orderdetail` VALUES (250, '5', '27.9', 97, 790);
INSERT INTO `ori_orderdetail` VALUES (251, '3', '59.9', 81, 791);
INSERT INTO `ori_orderdetail` VALUES (252, '5', '27.9', 97, 792);
INSERT INTO `ori_orderdetail` VALUES (253, '3', '59.9', 56, 793);
INSERT INTO `ori_orderdetail` VALUES (254, '6', '49.9', 40, 794);
INSERT INTO `ori_orderdetail` VALUES (255, '2', '68.9', 42, 795);
INSERT INTO `ori_orderdetail` VALUES (256, '4', '109', 69, 796);
INSERT INTO `ori_orderdetail` VALUES (257, '3', '59.9', 56, 797);
INSERT INTO `ori_orderdetail` VALUES (258, '2', '68.9', 42, 798);
INSERT INTO `ori_orderdetail` VALUES (259, '5', '27.9', 68, 799);
INSERT INTO `ori_orderdetail` VALUES (260, '5', '27.9', 68, 800);
INSERT INTO `ori_orderdetail` VALUES (261, '1', '19.9', 20, 801);
INSERT INTO `ori_orderdetail` VALUES (262, '2', '68.9', 82, 802);
INSERT INTO `ori_orderdetail` VALUES (263, '1', '19.9', 20, 803);
INSERT INTO `ori_orderdetail` VALUES (264, '1', '19.9', 20, 804);
INSERT INTO `ori_orderdetail` VALUES (265, '4', '109', 56, 805);
INSERT INTO `ori_orderdetail` VALUES (266, '6', '49.9', 62, 806);
INSERT INTO `ori_orderdetail` VALUES (267, '1', '19.9', 32, 807);
INSERT INTO `ori_orderdetail` VALUES (268, '3', '59.9', 47, 808);
INSERT INTO `ori_orderdetail` VALUES (269, '3', '59.9', 47, 809);
INSERT INTO `ori_orderdetail` VALUES (270, '6', '49.9', 62, 810);
INSERT INTO `ori_orderdetail` VALUES (271, '6', '49.9', 37, 811);
INSERT INTO `ori_orderdetail` VALUES (272, '6', '49.9', 37, 812);
INSERT INTO `ori_orderdetail` VALUES (273, '1', '19.9', 21, 813);
INSERT INTO `ori_orderdetail` VALUES (274, '3', '59.9', 11, 814);
INSERT INTO `ori_orderdetail` VALUES (275, '6', '49.9', 37, 815);
INSERT INTO `ori_orderdetail` VALUES (276, '1', '19.9', 21, 816);
INSERT INTO `ori_orderdetail` VALUES (277, '1', '19.9', 79, 817);
INSERT INTO `ori_orderdetail` VALUES (278, '2', '68.9', 61, 818);
INSERT INTO `ori_orderdetail` VALUES (279, '6', '49.9', 19, 819);
INSERT INTO `ori_orderdetail` VALUES (280, '2', '68.9', 61, 820);
INSERT INTO `ori_orderdetail` VALUES (281, '5', '27.9', 15, 821);
INSERT INTO `ori_orderdetail` VALUES (282, '1', '19.9', 79, 822);
INSERT INTO `ori_orderdetail` VALUES (283, '5', '27.9', 23, 823);
INSERT INTO `ori_orderdetail` VALUES (284, '2', '68.9', 29, 824);
INSERT INTO `ori_orderdetail` VALUES (285, '1', '19.9', 18, 825);
INSERT INTO `ori_orderdetail` VALUES (286, '1', '19.9', 18, 826);
INSERT INTO `ori_orderdetail` VALUES (287, '3', '59.9', 33, 827);
INSERT INTO `ori_orderdetail` VALUES (288, '5', '27.9', 23, 828);
INSERT INTO `ori_orderdetail` VALUES (289, '6', '49.9', 83, 829);
INSERT INTO `ori_orderdetail` VALUES (290, '5', '27.9', 29, 830);
INSERT INTO `ori_orderdetail` VALUES (291, '2', '68.9', 72, 831);
INSERT INTO `ori_orderdetail` VALUES (292, '2', '68.9', 72, 832);
INSERT INTO `ori_orderdetail` VALUES (293, '1', '19.9', 28, 833);
INSERT INTO `ori_orderdetail` VALUES (294, '6', '49.9', 83, 834);
INSERT INTO `ori_orderdetail` VALUES (295, '5', '27.9', 63, 835);
INSERT INTO `ori_orderdetail` VALUES (296, '3', '59.9', 8, 836);
INSERT INTO `ori_orderdetail` VALUES (297, '4', '109', 81, 837);
INSERT INTO `ori_orderdetail` VALUES (298, '1', '19.9', 78, 838);
INSERT INTO `ori_orderdetail` VALUES (299, '2', '68.9', 90, 839);
INSERT INTO `ori_orderdetail` VALUES (300, '2', '68.9', 90, 840);
INSERT INTO `ori_orderdetail` VALUES (301, '1', '19.9', 69, 841);
INSERT INTO `ori_orderdetail` VALUES (302, '1', '19.9', 69, 842);
INSERT INTO `ori_orderdetail` VALUES (303, '6', '49.9', 25, 843);
INSERT INTO `ori_orderdetail` VALUES (304, '5', '27.9', 79, 844);
INSERT INTO `ori_orderdetail` VALUES (305, '3', '59.9', 64, 845);
INSERT INTO `ori_orderdetail` VALUES (306, '2', '68.9', 61, 846);
INSERT INTO `ori_orderdetail` VALUES (307, '4', '109', 47, 847);
INSERT INTO `ori_orderdetail` VALUES (308, '4', '109', 47, 848);
INSERT INTO `ori_orderdetail` VALUES (309, '6', '49.9', 6, 849);
INSERT INTO `ori_orderdetail` VALUES (310, '3', '59.9', 48, 850);
INSERT INTO `ori_orderdetail` VALUES (311, '2', '68.9', 94, 851);
INSERT INTO `ori_orderdetail` VALUES (312, '4', '109', 47, 852);
INSERT INTO `ori_orderdetail` VALUES (313, '3', '59.9', 25, 853);
INSERT INTO `ori_orderdetail` VALUES (314, '1', '19.9', 88, 854);
INSERT INTO `ori_orderdetail` VALUES (315, '5', '27.9', 47, 855);
INSERT INTO `ori_orderdetail` VALUES (316, '4', '109', 69, 856);
INSERT INTO `ori_orderdetail` VALUES (317, '6', '49.9', 72, 857);
INSERT INTO `ori_orderdetail` VALUES (318, '6', '49.9', 72, 858);
INSERT INTO `ori_orderdetail` VALUES (319, '2', '68.9', 43, 859);
INSERT INTO `ori_orderdetail` VALUES (320, '6', '49.9', 56, 860);
INSERT INTO `ori_orderdetail` VALUES (321, '4', '109', 34, 861);
INSERT INTO `ori_orderdetail` VALUES (322, '6', '49.9', 56, 862);
INSERT INTO `ori_orderdetail` VALUES (323, '2', '68.9', 43, 863);
INSERT INTO `ori_orderdetail` VALUES (324, '4', '109', 34, 864);
INSERT INTO `ori_orderdetail` VALUES (325, '3', '59.9', 91, 865);
INSERT INTO `ori_orderdetail` VALUES (326, '2', '68.9', 25, 866);
INSERT INTO `ori_orderdetail` VALUES (327, '3', '59.9', 91, 867);
INSERT INTO `ori_orderdetail` VALUES (328, '2', '68.9', 25, 868);
INSERT INTO `ori_orderdetail` VALUES (329, '6', '49.9', 12, 869);
INSERT INTO `ori_orderdetail` VALUES (330, '1', '19.9', 60, 870);
INSERT INTO `ori_orderdetail` VALUES (331, '6', '49.9', 27, 871);
INSERT INTO `ori_orderdetail` VALUES (332, '3', '59.9', 25, 872);
INSERT INTO `ori_orderdetail` VALUES (333, '2', '68.9', 64, 873);
INSERT INTO `ori_orderdetail` VALUES (334, '4', '109', 32, 874);
INSERT INTO `ori_orderdetail` VALUES (335, '5', '27.9', 14, 875);
INSERT INTO `ori_orderdetail` VALUES (336, '5', '27.9', 14, 876);
INSERT INTO `ori_orderdetail` VALUES (337, '1', '19.9', 27, 877);
INSERT INTO `ori_orderdetail` VALUES (338, '6', '49.9', 43, 878);
INSERT INTO `ori_orderdetail` VALUES (339, '5', '27.9', 42, 879);
INSERT INTO `ori_orderdetail` VALUES (340, '4', '109', 101, 880);
INSERT INTO `ori_orderdetail` VALUES (341, '3', '59.9', 41, 881);
INSERT INTO `ori_orderdetail` VALUES (342, '3', '59.9', 41, 882);
INSERT INTO `ori_orderdetail` VALUES (343, '6', '49.9', 89, 883);
INSERT INTO `ori_orderdetail` VALUES (344, '6', '49.9', 89, 884);
INSERT INTO `ori_orderdetail` VALUES (345, '6', '49.9', 89, 885);
INSERT INTO `ori_orderdetail` VALUES (346, '3', '59.9', 8, 886);
INSERT INTO `ori_orderdetail` VALUES (347, '5', '27.9', 87, 887);
INSERT INTO `ori_orderdetail` VALUES (348, '4', '109', 94, 888);
INSERT INTO `ori_orderdetail` VALUES (349, '4', '109', 12, 889);
INSERT INTO `ori_orderdetail` VALUES (350, '3', '59.9', 65, 890);
INSERT INTO `ori_orderdetail` VALUES (351, '1', '19.9', 70, 891);
INSERT INTO `ori_orderdetail` VALUES (352, '2', '68.9', 82, 892);
INSERT INTO `ori_orderdetail` VALUES (353, '3', '59.9', 65, 893);
INSERT INTO `ori_orderdetail` VALUES (354, '3', '59.9', 65, 894);
INSERT INTO `ori_orderdetail` VALUES (355, '3', '59.9', 45, 895);
INSERT INTO `ori_orderdetail` VALUES (356, '6', '49.9', 55, 896);
INSERT INTO `ori_orderdetail` VALUES (357, '1', '19.9', 29, 897);
INSERT INTO `ori_orderdetail` VALUES (358, '4', '109', 98, 898);
INSERT INTO `ori_orderdetail` VALUES (359, '4', '109', 98, 899);
INSERT INTO `ori_orderdetail` VALUES (360, '4', '109', 98, 900);
INSERT INTO `ori_orderdetail` VALUES (361, '6', '49.9', 79, 901);
INSERT INTO `ori_orderdetail` VALUES (362, '4', '109', 7, 902);
INSERT INTO `ori_orderdetail` VALUES (363, '2', '68.9', 48, 903);
INSERT INTO `ori_orderdetail` VALUES (364, '6', '49.9', 79, 904);
INSERT INTO `ori_orderdetail` VALUES (365, '2', '68.9', 48, 905);
INSERT INTO `ori_orderdetail` VALUES (366, '5', '27.9', 59, 906);
INSERT INTO `ori_orderdetail` VALUES (367, '6', '49.9', 39, 907);
INSERT INTO `ori_orderdetail` VALUES (368, '6', '49.9', 39, 908);
INSERT INTO `ori_orderdetail` VALUES (369, '1', '19.9', 16, 909);
INSERT INTO `ori_orderdetail` VALUES (370, '1', '19.9', 16, 910);
INSERT INTO `ori_orderdetail` VALUES (371, '3', '59.9', 46, 911);
INSERT INTO `ori_orderdetail` VALUES (372, '2', '68.9', 65, 912);
INSERT INTO `ori_orderdetail` VALUES (373, '6', '49.9', 57, 913);
INSERT INTO `ori_orderdetail` VALUES (374, '6', '49.9', 57, 914);
INSERT INTO `ori_orderdetail` VALUES (375, '2', '68.9', 8, 915);
INSERT INTO `ori_orderdetail` VALUES (376, '6', '49.9', 57, 916);
INSERT INTO `ori_orderdetail` VALUES (377, '6', '49.9', 57, 917);
INSERT INTO `ori_orderdetail` VALUES (378, '1', '19.9', 70, 918);
INSERT INTO `ori_orderdetail` VALUES (379, '1', '19.9', 99, 919);
INSERT INTO `ori_orderdetail` VALUES (380, '6', '49.9', 34, 920);
INSERT INTO `ori_orderdetail` VALUES (381, '2', '68.9', 27, 921);
INSERT INTO `ori_orderdetail` VALUES (382, '3', '59.9', 8, 922);
INSERT INTO `ori_orderdetail` VALUES (383, '3', '59.9', 8, 923);
INSERT INTO `ori_orderdetail` VALUES (384, '4', '109', 19, 924);
INSERT INTO `ori_orderdetail` VALUES (385, '3', '59.9', 79, 925);
INSERT INTO `ori_orderdetail` VALUES (386, '6', '49.9', 73, 926);
INSERT INTO `ori_orderdetail` VALUES (387, '1', '19.9', 66, 927);
INSERT INTO `ori_orderdetail` VALUES (388, '4', '109', 16, 928);
INSERT INTO `ori_orderdetail` VALUES (389, '4', '109', 16, 929);
INSERT INTO `ori_orderdetail` VALUES (390, '4', '109', 16, 930);
INSERT INTO `ori_orderdetail` VALUES (391, '4', '109', 87, 931);
INSERT INTO `ori_orderdetail` VALUES (392, '5', '27.9', 72, 932);
INSERT INTO `ori_orderdetail` VALUES (393, '1', '19.9', 63, 933);
INSERT INTO `ori_orderdetail` VALUES (394, '3', '59.9', 98, 934);
INSERT INTO `ori_orderdetail` VALUES (395, '4', '109', 87, 935);
INSERT INTO `ori_orderdetail` VALUES (396, '4', '109', 87, 936);
INSERT INTO `ori_orderdetail` VALUES (397, '1', '19.9', 73, 937);
INSERT INTO `ori_orderdetail` VALUES (398, '3', '59.9', 63, 938);
INSERT INTO `ori_orderdetail` VALUES (399, '2', '68.9', 31, 939);
INSERT INTO `ori_orderdetail` VALUES (400, '4', '109', 92, 940);
INSERT INTO `ori_orderdetail` VALUES (401, '2', '68.9', 31, 941);
INSERT INTO `ori_orderdetail` VALUES (402, '4', '109', 92, 942);
INSERT INTO `ori_orderdetail` VALUES (403, '2', '68.9', 28, 943);
INSERT INTO `ori_orderdetail` VALUES (404, '3', '59.9', 52, 944);
INSERT INTO `ori_orderdetail` VALUES (405, '1', '19.9', 15, 945);
INSERT INTO `ori_orderdetail` VALUES (406, '6', '49.9', 6, 946);
INSERT INTO `ori_orderdetail` VALUES (407, '2', '68.9', 28, 947);
INSERT INTO `ori_orderdetail` VALUES (408, '3', '59.9', 52, 948);
INSERT INTO `ori_orderdetail` VALUES (409, '3', '59.9', 57, 949);
INSERT INTO `ori_orderdetail` VALUES (410, '3', '59.9', 57, 950);
INSERT INTO `ori_orderdetail` VALUES (411, '1', '19.9', 18, 951);
INSERT INTO `ori_orderdetail` VALUES (412, '3', '59.9', 57, 952);
INSERT INTO `ori_orderdetail` VALUES (413, '6', '49.9', 80, 953);
INSERT INTO `ori_orderdetail` VALUES (414, '3', '59.9', 57, 954);
INSERT INTO `ori_orderdetail` VALUES (415, '4', '109', 71, 955);
INSERT INTO `ori_orderdetail` VALUES (416, '1', '19.9', 6, 956);
INSERT INTO `ori_orderdetail` VALUES (417, '5', '27.9', 28, 957);
INSERT INTO `ori_orderdetail` VALUES (418, '1', '19.9', 6, 958);
INSERT INTO `ori_orderdetail` VALUES (419, '5', '27.9', 28, 959);
INSERT INTO `ori_orderdetail` VALUES (420, '5', '27.9', 28, 960);
INSERT INTO `ori_orderdetail` VALUES (421, '6', '49.9', 37, 961);
INSERT INTO `ori_orderdetail` VALUES (422, '5', '27.9', 86, 962);
INSERT INTO `ori_orderdetail` VALUES (423, '2', '68.9', 44, 963);
INSERT INTO `ori_orderdetail` VALUES (424, '4', '109', 77, 964);
INSERT INTO `ori_orderdetail` VALUES (425, '6', '49.9', 37, 965);
INSERT INTO `ori_orderdetail` VALUES (426, '2', '68.9', 44, 966);
INSERT INTO `ori_orderdetail` VALUES (427, '2', '68.9', 27, 967);
INSERT INTO `ori_orderdetail` VALUES (428, '1', '19.9', 37, 968);
INSERT INTO `ori_orderdetail` VALUES (429, '6', '49.9', 99, 969);
INSERT INTO `ori_orderdetail` VALUES (430, '1', '19.9', 37, 970);
INSERT INTO `ori_orderdetail` VALUES (431, '3', '59.9', 68, 971);
INSERT INTO `ori_orderdetail` VALUES (432, '3', '59.9', 68, 972);
INSERT INTO `ori_orderdetail` VALUES (433, '3', '59.9', 73, 973);
INSERT INTO `ori_orderdetail` VALUES (434, '3', '59.9', 73, 974);
INSERT INTO `ori_orderdetail` VALUES (435, '3', '59.9', 73, 975);
INSERT INTO `ori_orderdetail` VALUES (436, '6', '49.9', 69, 976);
INSERT INTO `ori_orderdetail` VALUES (437, '2', '68.9', 86, 977);
INSERT INTO `ori_orderdetail` VALUES (438, '2', '68.9', 86, 978);
INSERT INTO `ori_orderdetail` VALUES (439, '4', '109', 84, 979);
INSERT INTO `ori_orderdetail` VALUES (440, '2', '68.9', 85, 980);
INSERT INTO `ori_orderdetail` VALUES (441, '2', '68.9', 85, 981);
INSERT INTO `ori_orderdetail` VALUES (442, '6', '49.9', 99, 982);
INSERT INTO `ori_orderdetail` VALUES (443, '5', '27.9', 15, 983);
INSERT INTO `ori_orderdetail` VALUES (444, '1', '19.9', 10, 984);
INSERT INTO `ori_orderdetail` VALUES (445, '5', '27.9', 51, 985);
INSERT INTO `ori_orderdetail` VALUES (446, '4', '109', 11, 986);
INSERT INTO `ori_orderdetail` VALUES (447, '6', '49.9', 14, 987);
INSERT INTO `ori_orderdetail` VALUES (448, '3', '59.9', 24, 988);
INSERT INTO `ori_orderdetail` VALUES (449, '6', '49.9', 14, 989);
INSERT INTO `ori_orderdetail` VALUES (450, '5', '27.9', 51, 990);
INSERT INTO `ori_orderdetail` VALUES (451, '4', '109', 88, 991);
INSERT INTO `ori_orderdetail` VALUES (452, '6', '49.9', 76, 992);
INSERT INTO `ori_orderdetail` VALUES (453, '2', '68.9', 54, 993);
INSERT INTO `ori_orderdetail` VALUES (454, '4', '109', 88, 994);
INSERT INTO `ori_orderdetail` VALUES (455, '3', '59.9', 65, 995);
INSERT INTO `ori_orderdetail` VALUES (456, '4', '109', 88, 996);
INSERT INTO `ori_orderdetail` VALUES (457, '5', '27.9', 20, 997);
INSERT INTO `ori_orderdetail` VALUES (458, '1', '19.9', 12, 998);
INSERT INTO `ori_orderdetail` VALUES (459, '5', '27.9', 20, 999);
INSERT INTO `ori_orderdetail` VALUES (460, '1', '19.9', 12, 1000);
INSERT INTO `ori_orderdetail` VALUES (461, '5', '27.9', 20, 1001);
INSERT INTO `ori_orderdetail` VALUES (462, '3', '59.9', 95, 1002);
INSERT INTO `ori_orderdetail` VALUES (463, '6', '49.9', 34, 1003);
INSERT INTO `ori_orderdetail` VALUES (464, '5', '27.9', 66, 1004);
INSERT INTO `ori_orderdetail` VALUES (465, '4', '109', 59, 1005);
INSERT INTO `ori_orderdetail` VALUES (466, '3', '59.9', 26, 1006);
INSERT INTO `ori_orderdetail` VALUES (467, '2', '68.9', 99, 1007);
INSERT INTO `ori_orderdetail` VALUES (468, '4', '109', 59, 1008);
INSERT INTO `ori_orderdetail` VALUES (469, '5', '27.9', 75, 1009);
INSERT INTO `ori_orderdetail` VALUES (470, '4', '109', 57, 1010);
INSERT INTO `ori_orderdetail` VALUES (471, '6', '49.9', 56, 1011);
INSERT INTO `ori_orderdetail` VALUES (472, '2', '68.9', 65, 1012);
INSERT INTO `ori_orderdetail` VALUES (473, '3', '59.9', 102, 1013);
INSERT INTO `ori_orderdetail` VALUES (474, '5', '27.9', 75, 1014);
INSERT INTO `ori_orderdetail` VALUES (475, '5', '27.9', 11, 1015);
INSERT INTO `ori_orderdetail` VALUES (476, '4', '109', 67, 1016);
INSERT INTO `ori_orderdetail` VALUES (477, '6', '49.9', 36, 1017);
INSERT INTO `ori_orderdetail` VALUES (478, '6', '49.9', 36, 1018);
INSERT INTO `ori_orderdetail` VALUES (479, '5', '27.9', 11, 1019);
INSERT INTO `ori_orderdetail` VALUES (480, '5', '27.9', 11, 1020);
INSERT INTO `ori_orderdetail` VALUES (481, '5', '27.9', 43, 1021);
INSERT INTO `ori_orderdetail` VALUES (482, '4', '109', 88, 1022);
INSERT INTO `ori_orderdetail` VALUES (483, '1', '19.9', 28, 1023);
INSERT INTO `ori_orderdetail` VALUES (484, '1', '19.9', 28, 1024);
INSERT INTO `ori_orderdetail` VALUES (485, '2', '68.9', 71, 1025);
INSERT INTO `ori_orderdetail` VALUES (486, '5', '27.9', 43, 1026);
INSERT INTO `ori_orderdetail` VALUES (487, '5', '27.9', 77, 1027);
INSERT INTO `ori_orderdetail` VALUES (488, '1', '19.9', 103, 1028);
INSERT INTO `ori_orderdetail` VALUES (489, '2', '68.9', 19, 1029);
INSERT INTO `ori_orderdetail` VALUES (490, '5', '27.9', 77, 1030);
INSERT INTO `ori_orderdetail` VALUES (491, '6', '49.9', 37, 1031);
INSERT INTO `ori_orderdetail` VALUES (492, '4', '109', 10, 1032);
INSERT INTO `ori_orderdetail` VALUES (493, '4', '109', 76, 1033);
INSERT INTO `ori_orderdetail` VALUES (494, '5', '27.9', 60, 1034);
INSERT INTO `ori_orderdetail` VALUES (495, '4', '109', 76, 1035);
INSERT INTO `ori_orderdetail` VALUES (496, '5', '27.9', 60, 1036);
INSERT INTO `ori_orderdetail` VALUES (497, '4', '109', 76, 1037);
INSERT INTO `ori_orderdetail` VALUES (498, '5', '27.9', 60, 1038);
INSERT INTO `ori_orderdetail` VALUES (499, '5', '27.9', 53, 1039);
INSERT INTO `ori_orderdetail` VALUES (500, '3', '59.9', 66, 1040);
INSERT INTO `ori_orderdetail` VALUES (501, '6', '49.9', 56, 1041);
INSERT INTO `ori_orderdetail` VALUES (502, '3', '59.9', 66, 1042);
INSERT INTO `ori_orderdetail` VALUES (503, '6', '49.9', 56, 1043);
INSERT INTO `ori_orderdetail` VALUES (504, '6', '49.9', 56, 1044);
INSERT INTO `ori_orderdetail` VALUES (505, '5', '27.9', 73, 1045);
INSERT INTO `ori_orderdetail` VALUES (506, '6', '49.9', 83, 1046);
INSERT INTO `ori_orderdetail` VALUES (507, '5', '27.9', 73, 1047);
INSERT INTO `ori_orderdetail` VALUES (508, '1', '19.9', 84, 1048);
INSERT INTO `ori_orderdetail` VALUES (509, '5', '27.9', 73, 1049);
INSERT INTO `ori_orderdetail` VALUES (510, '3', '59.9', 84, 1050);
INSERT INTO `ori_orderdetail` VALUES (511, '5', '27.9', 52, 1051);
INSERT INTO `ori_orderdetail` VALUES (512, '4', '109', 21, 1052);
INSERT INTO `ori_orderdetail` VALUES (513, '1', '19.9', 94, 1053);
INSERT INTO `ori_orderdetail` VALUES (514, '5', '27.9', 52, 1054);
INSERT INTO `ori_orderdetail` VALUES (515, '1', '19.9', 94, 1055);
INSERT INTO `ori_orderdetail` VALUES (516, '1', '19.9', 94, 1056);
INSERT INTO `ori_orderdetail` VALUES (517, '4', '109', 43, 1057);
INSERT INTO `ori_orderdetail` VALUES (518, '5', '27.9', 66, 1058);
INSERT INTO `ori_orderdetail` VALUES (519, '1', '19.9', 13, 1059);
INSERT INTO `ori_orderdetail` VALUES (520, '2', '68.9', 29, 1060);
INSERT INTO `ori_orderdetail` VALUES (521, '5', '27.9', 66, 1061);
INSERT INTO `ori_orderdetail` VALUES (522, '1', '19.9', 13, 1062);
INSERT INTO `ori_orderdetail` VALUES (523, '1', '19.9', 105, 1063);
INSERT INTO `ori_orderdetail` VALUES (524, '2', '68.9', 64, 1064);
INSERT INTO `ori_orderdetail` VALUES (525, '6', '49.9', 91, 1065);
INSERT INTO `ori_orderdetail` VALUES (526, '6', '49.9', 91, 1066);
INSERT INTO `ori_orderdetail` VALUES (527, '4', '109', 40, 1067);
INSERT INTO `ori_orderdetail` VALUES (528, '5', '27.9', 98, 1068);
INSERT INTO `ori_orderdetail` VALUES (529, '4', '109', 33, 1069);
INSERT INTO `ori_orderdetail` VALUES (530, '5', '27.9', 70, 1070);
INSERT INTO `ori_orderdetail` VALUES (531, '6', '49.9', 85, 1071);
INSERT INTO `ori_orderdetail` VALUES (532, '4', '109', 33, 1072);
INSERT INTO `ori_orderdetail` VALUES (533, '2', '68.9', 12, 1073);
INSERT INTO `ori_orderdetail` VALUES (534, '1', '19.9', 52, 1074);
INSERT INTO `ori_orderdetail` VALUES (535, '3', '59.9', 13, 1075);
INSERT INTO `ori_orderdetail` VALUES (536, '1', '19.9', 54, 1076);
INSERT INTO `ori_orderdetail` VALUES (537, '2', '68.9', 51, 1077);
INSERT INTO `ori_orderdetail` VALUES (538, '3', '59.9', 13, 1078);
INSERT INTO `ori_orderdetail` VALUES (539, '6', '49.9', 49, 1079);
INSERT INTO `ori_orderdetail` VALUES (540, '1', '19.9', 54, 1080);
INSERT INTO `ori_orderdetail` VALUES (1, '2', '68.9', 94, 1081);
INSERT INTO `ori_orderdetail` VALUES (2, '2', '68.9', 94, 1082);
INSERT INTO `ori_orderdetail` VALUES (3, '3', '59.9', 27, 1083);
INSERT INTO `ori_orderdetail` VALUES (4, '5', '27.9', 50, 1084);
INSERT INTO `ori_orderdetail` VALUES (5, '2', '68.9', 94, 1085);
INSERT INTO `ori_orderdetail` VALUES (6, '3', '59.9', 27, 1086);
INSERT INTO `ori_orderdetail` VALUES (7, '2', '68.9', 43, 1087);
INSERT INTO `ori_orderdetail` VALUES (8, '5', '27.9', 12, 1088);
INSERT INTO `ori_orderdetail` VALUES (9, '3', '59.9', 102, 1089);
INSERT INTO `ori_orderdetail` VALUES (10, '1', '19.9', 61, 1090);
INSERT INTO `ori_orderdetail` VALUES (11, '4', '109', 66, 1091);
INSERT INTO `ori_orderdetail` VALUES (12, '3', '59.9', 102, 1092);
INSERT INTO `ori_orderdetail` VALUES (13, '5', '27.9', 104, 1093);
INSERT INTO `ori_orderdetail` VALUES (14, '4', '109', 97, 1094);
INSERT INTO `ori_orderdetail` VALUES (15, '5', '27.9', 104, 1095);
INSERT INTO `ori_orderdetail` VALUES (16, '5', '27.9', 104, 1096);
INSERT INTO `ori_orderdetail` VALUES (17, '1', '19.9', 76, 1097);
INSERT INTO `ori_orderdetail` VALUES (18, '4', '109', 97, 1098);
INSERT INTO `ori_orderdetail` VALUES (19, '5', '27.9', 25, 1099);
INSERT INTO `ori_orderdetail` VALUES (20, '1', '19.9', 35, 1100);
INSERT INTO `ori_orderdetail` VALUES (21, '2', '68.9', 19, 1101);
INSERT INTO `ori_orderdetail` VALUES (22, '2', '68.9', 19, 1102);
INSERT INTO `ori_orderdetail` VALUES (23, '2', '68.9', 19, 1103);
INSERT INTO `ori_orderdetail` VALUES (24, '2', '68.9', 19, 1104);
INSERT INTO `ori_orderdetail` VALUES (25, '3', '59.9', 79, 1105);
INSERT INTO `ori_orderdetail` VALUES (26, '2', '68.9', 8, 1106);
INSERT INTO `ori_orderdetail` VALUES (27, '3', '59.9', 79, 1107);
INSERT INTO `ori_orderdetail` VALUES (28, '1', '19.9', 60, 1108);
INSERT INTO `ori_orderdetail` VALUES (29, '1', '19.9', 60, 1109);
INSERT INTO `ori_orderdetail` VALUES (30, '4', '109', 68, 1110);
INSERT INTO `ori_orderdetail` VALUES (31, '2', '68.9', 66, 1111);
INSERT INTO `ori_orderdetail` VALUES (32, '2', '68.9', 66, 1112);
INSERT INTO `ori_orderdetail` VALUES (33, '3', '59.9', 92, 1113);
INSERT INTO `ori_orderdetail` VALUES (34, '6', '49.9', 26, 1114);
INSERT INTO `ori_orderdetail` VALUES (35, '6', '49.9', 26, 1115);
INSERT INTO `ori_orderdetail` VALUES (36, '2', '68.9', 66, 1116);
INSERT INTO `ori_orderdetail` VALUES (37, '6', '49.9', 52, 1117);
INSERT INTO `ori_orderdetail` VALUES (38, '3', '59.9', 86, 1118);
INSERT INTO `ori_orderdetail` VALUES (39, '1', '19.9', 77, 1119);
INSERT INTO `ori_orderdetail` VALUES (40, '6', '49.9', 52, 1120);
INSERT INTO `ori_orderdetail` VALUES (41, '3', '59.9', 86, 1121);
INSERT INTO `ori_orderdetail` VALUES (42, '3', '59.9', 86, 1122);
INSERT INTO `ori_orderdetail` VALUES (43, '1', '19.9', 45, 1123);
INSERT INTO `ori_orderdetail` VALUES (44, '2', '68.9', 97, 1124);
INSERT INTO `ori_orderdetail` VALUES (45, '2', '68.9', 97, 1125);
INSERT INTO `ori_orderdetail` VALUES (46, '2', '68.9', 97, 1126);
INSERT INTO `ori_orderdetail` VALUES (47, '2', '68.9', 97, 1127);
INSERT INTO `ori_orderdetail` VALUES (48, '4', '109', 86, 1128);
INSERT INTO `ori_orderdetail` VALUES (49, '5', '27.9', 92, 1129);
INSERT INTO `ori_orderdetail` VALUES (50, '4', '109', 93, 1130);
INSERT INTO `ori_orderdetail` VALUES (51, '3', '59.9', 37, 1131);
INSERT INTO `ori_orderdetail` VALUES (52, '1', '19.9', 27, 1132);
INSERT INTO `ori_orderdetail` VALUES (53, '2', '68.9', 18, 1133);
INSERT INTO `ori_orderdetail` VALUES (54, '5', '27.9', 92, 1134);
INSERT INTO `ori_orderdetail` VALUES (55, '5', '27.9', 10, 1135);
INSERT INTO `ori_orderdetail` VALUES (56, '2', '68.9', 8, 1136);
INSERT INTO `ori_orderdetail` VALUES (57, '5', '27.9', 10, 1137);
INSERT INTO `ori_orderdetail` VALUES (58, '1', '19.9', 29, 1138);
INSERT INTO `ori_orderdetail` VALUES (59, '6', '49.9', 86, 1139);
INSERT INTO `ori_orderdetail` VALUES (60, '3', '59.9', 43, 1140);
INSERT INTO `ori_orderdetail` VALUES (61, '5', '27.9', 32, 1141);
INSERT INTO `ori_orderdetail` VALUES (62, '3', '59.9', 105, 1142);
INSERT INTO `ori_orderdetail` VALUES (63, '3', '59.9', 105, 1143);
INSERT INTO `ori_orderdetail` VALUES (64, '3', '59.9', 105, 1144);
INSERT INTO `ori_orderdetail` VALUES (65, '5', '27.9', 32, 1145);
INSERT INTO `ori_orderdetail` VALUES (66, '1', '19.9', 87, 1146);
INSERT INTO `ori_orderdetail` VALUES (67, '2', '68.9', 8, 1147);
INSERT INTO `ori_orderdetail` VALUES (68, '4', '109', 79, 1148);
INSERT INTO `ori_orderdetail` VALUES (69, '6', '49.9', 58, 1149);
INSERT INTO `ori_orderdetail` VALUES (70, '4', '109', 79, 1150);
INSERT INTO `ori_orderdetail` VALUES (71, '3', '59.9', 8, 1151);
INSERT INTO `ori_orderdetail` VALUES (72, '5', '27.9', 52, 1152);
INSERT INTO `ori_orderdetail` VALUES (73, '5', '27.9', 88, 1153);
INSERT INTO `ori_orderdetail` VALUES (74, '5', '27.9', 88, 1154);
INSERT INTO `ori_orderdetail` VALUES (75, '2', '68.9', 33, 1155);
INSERT INTO `ori_orderdetail` VALUES (76, '5', '27.9', 88, 1156);
INSERT INTO `ori_orderdetail` VALUES (77, '1', '19.9', 87, 1157);
INSERT INTO `ori_orderdetail` VALUES (78, '2', '68.9', 33, 1158);
INSERT INTO `ori_orderdetail` VALUES (79, '1', '19.9', 48, 1159);
INSERT INTO `ori_orderdetail` VALUES (80, '1', '19.9', 48, 1160);
INSERT INTO `ori_orderdetail` VALUES (81, '6', '49.9', 55, 1161);
INSERT INTO `ori_orderdetail` VALUES (82, '2', '68.9', 40, 1162);
INSERT INTO `ori_orderdetail` VALUES (83, '6', '49.9', 55, 1163);
INSERT INTO `ori_orderdetail` VALUES (84, '5', '27.9', 64, 1164);
INSERT INTO `ori_orderdetail` VALUES (85, '4', '109', 67, 1165);
INSERT INTO `ori_orderdetail` VALUES (86, '4', '109', 67, 1166);
INSERT INTO `ori_orderdetail` VALUES (87, '1', '19.9', 68, 1167);
INSERT INTO `ori_orderdetail` VALUES (88, '3', '59.9', 19, 1168);
INSERT INTO `ori_orderdetail` VALUES (89, '6', '49.9', 9, 1169);
INSERT INTO `ori_orderdetail` VALUES (90, '6', '49.9', 9, 1170);
INSERT INTO `ori_orderdetail` VALUES (91, '4', '109', 104, 1171);
INSERT INTO `ori_orderdetail` VALUES (92, '4', '109', 104, 1172);
INSERT INTO `ori_orderdetail` VALUES (93, '1', '19.9', 57, 1173);
INSERT INTO `ori_orderdetail` VALUES (94, '3', '59.9', 7, 1174);
INSERT INTO `ori_orderdetail` VALUES (95, '4', '109', 104, 1175);
INSERT INTO `ori_orderdetail` VALUES (96, '1', '19.9', 57, 1176);
INSERT INTO `ori_orderdetail` VALUES (97, '4', '109', 46, 1177);
INSERT INTO `ori_orderdetail` VALUES (98, '2', '68.9', 66, 1178);
INSERT INTO `ori_orderdetail` VALUES (99, '1', '19.9', 18, 1179);
INSERT INTO `ori_orderdetail` VALUES (100, '3', '59.9', 60, 1180);
INSERT INTO `ori_orderdetail` VALUES (101, '6', '49.9', 94, 1181);
INSERT INTO `ori_orderdetail` VALUES (102, '5', '27.9', 67, 1182);
INSERT INTO `ori_orderdetail` VALUES (103, '1', '19.9', 73, 1183);
INSERT INTO `ori_orderdetail` VALUES (104, '3', '59.9', 53, 1184);
INSERT INTO `ori_orderdetail` VALUES (105, '3', '59.9', 53, 1185);
INSERT INTO `ori_orderdetail` VALUES (106, '3', '59.9', 53, 1186);
INSERT INTO `ori_orderdetail` VALUES (107, '3', '59.9', 53, 1187);
INSERT INTO `ori_orderdetail` VALUES (108, '6', '49.9', 9, 1188);
INSERT INTO `ori_orderdetail` VALUES (109, '3', '59.9', 57, 1189);
INSERT INTO `ori_orderdetail` VALUES (110, '6', '49.9', 16, 1190);
INSERT INTO `ori_orderdetail` VALUES (111, '2', '68.9', 90, 1191);
INSERT INTO `ori_orderdetail` VALUES (112, '3', '59.9', 57, 1192);
INSERT INTO `ori_orderdetail` VALUES (113, '3', '59.9', 57, 1193);
INSERT INTO `ori_orderdetail` VALUES (114, '6', '49.9', 16, 1194);
INSERT INTO `ori_orderdetail` VALUES (115, '2', '68.9', 97, 1195);
INSERT INTO `ori_orderdetail` VALUES (116, '2', '68.9', 97, 1196);
INSERT INTO `ori_orderdetail` VALUES (117, '5', '27.9', 82, 1197);
INSERT INTO `ori_orderdetail` VALUES (118, '5', '27.9', 82, 1198);
INSERT INTO `ori_orderdetail` VALUES (119, '3', '59.9', 21, 1199);
INSERT INTO `ori_orderdetail` VALUES (120, '4', '109', 45, 1200);
INSERT INTO `ori_orderdetail` VALUES (121, '5', '27.9', 79, 1201);
INSERT INTO `ori_orderdetail` VALUES (122, '3', '59.9', 71, 1202);
INSERT INTO `ori_orderdetail` VALUES (123, '2', '68.9', 43, 1203);
INSERT INTO `ori_orderdetail` VALUES (124, '3', '59.9', 71, 1204);
INSERT INTO `ori_orderdetail` VALUES (125, '5', '27.9', 79, 1205);
INSERT INTO `ori_orderdetail` VALUES (126, '3', '59.9', 71, 1206);
INSERT INTO `ori_orderdetail` VALUES (127, '1', '19.9', 8, 1207);
INSERT INTO `ori_orderdetail` VALUES (128, '4', '109', 94, 1208);
INSERT INTO `ori_orderdetail` VALUES (129, '2', '68.9', 26, 1209);
INSERT INTO `ori_orderdetail` VALUES (130, '6', '49.9', 56, 1210);
INSERT INTO `ori_orderdetail` VALUES (131, '4', '109', 94, 1211);
INSERT INTO `ori_orderdetail` VALUES (132, '4', '109', 94, 1212);
INSERT INTO `ori_orderdetail` VALUES (133, '4', '109', 81, 1213);
INSERT INTO `ori_orderdetail` VALUES (134, '6', '49.9', 85, 1214);
INSERT INTO `ori_orderdetail` VALUES (135, '1', '19.9', 97, 1215);
INSERT INTO `ori_orderdetail` VALUES (136, '5', '27.9', 69, 1216);
INSERT INTO `ori_orderdetail` VALUES (137, '6', '49.9', 85, 1217);
INSERT INTO `ori_orderdetail` VALUES (138, '4', '109', 81, 1218);
INSERT INTO `ori_orderdetail` VALUES (139, '1', '19.9', 103, 1219);
INSERT INTO `ori_orderdetail` VALUES (140, '5', '27.9', 30, 1220);
INSERT INTO `ori_orderdetail` VALUES (141, '6', '49.9', 59, 1221);
INSERT INTO `ori_orderdetail` VALUES (142, '4', '109', 103, 1222);
INSERT INTO `ori_orderdetail` VALUES (143, '5', '27.9', 30, 1223);
INSERT INTO `ori_orderdetail` VALUES (144, '4', '109', 103, 1224);
INSERT INTO `ori_orderdetail` VALUES (145, '2', '68.9', 48, 1225);
INSERT INTO `ori_orderdetail` VALUES (146, '5', '27.9', 95, 1226);
INSERT INTO `ori_orderdetail` VALUES (147, '4', '109', 51, 1227);
INSERT INTO `ori_orderdetail` VALUES (148, '1', '19.9', 48, 1228);
INSERT INTO `ori_orderdetail` VALUES (149, '2', '68.9', 48, 1229);
INSERT INTO `ori_orderdetail` VALUES (150, '5', '27.9', 95, 1230);
INSERT INTO `ori_orderdetail` VALUES (151, '2', '68.9', 73, 1231);
INSERT INTO `ori_orderdetail` VALUES (152, '3', '59.9', 41, 1232);
INSERT INTO `ori_orderdetail` VALUES (153, '1', '19.9', 11, 1233);
INSERT INTO `ori_orderdetail` VALUES (154, '3', '59.9', 41, 1234);
INSERT INTO `ori_orderdetail` VALUES (155, '6', '49.9', 51, 1235);
INSERT INTO `ori_orderdetail` VALUES (156, '4', '109', 29, 1236);
INSERT INTO `ori_orderdetail` VALUES (157, '3', '59.9', 26, 1237);
INSERT INTO `ori_orderdetail` VALUES (158, '6', '49.9', 61, 1238);
INSERT INTO `ori_orderdetail` VALUES (159, '6', '49.9', 61, 1239);
INSERT INTO `ori_orderdetail` VALUES (160, '4', '109', 70, 1240);
INSERT INTO `ori_orderdetail` VALUES (161, '6', '49.9', 61, 1241);
INSERT INTO `ori_orderdetail` VALUES (162, '4', '109', 70, 1242);
INSERT INTO `ori_orderdetail` VALUES (163, '1', '19.9', 67, 1243);
INSERT INTO `ori_orderdetail` VALUES (164, '6', '49.9', 100, 1244);
INSERT INTO `ori_orderdetail` VALUES (165, '1', '19.9', 67, 1245);
INSERT INTO `ori_orderdetail` VALUES (166, '1', '19.9', 67, 1246);
INSERT INTO `ori_orderdetail` VALUES (167, '4', '109', 91, 1247);
INSERT INTO `ori_orderdetail` VALUES (168, '1', '19.9', 67, 1248);
INSERT INTO `ori_orderdetail` VALUES (169, '4', '109', 20, 1249);
INSERT INTO `ori_orderdetail` VALUES (170, '4', '109', 20, 1250);
INSERT INTO `ori_orderdetail` VALUES (171, '4', '109', 20, 1251);
INSERT INTO `ori_orderdetail` VALUES (172, '4', '109', 20, 1252);
INSERT INTO `ori_orderdetail` VALUES (173, '1', '19.9', 18, 1253);
INSERT INTO `ori_orderdetail` VALUES (174, '5', '27.9', 11, 1254);
INSERT INTO `ori_orderdetail` VALUES (175, '6', '49.9', 102, 1255);
INSERT INTO `ori_orderdetail` VALUES (176, '6', '49.9', 102, 1256);
INSERT INTO `ori_orderdetail` VALUES (177, '1', '19.9', 33, 1257);
INSERT INTO `ori_orderdetail` VALUES (178, '2', '68.9', 72, 1258);
INSERT INTO `ori_orderdetail` VALUES (179, '1', '19.9', 33, 1259);
INSERT INTO `ori_orderdetail` VALUES (180, '1', '19.9', 33, 1260);
INSERT INTO `ori_orderdetail` VALUES (181, '4', '109', 46, 1261);
INSERT INTO `ori_orderdetail` VALUES (182, '2', '68.9', 15, 1262);
INSERT INTO `ori_orderdetail` VALUES (183, '5', '27.9', 86, 1263);
INSERT INTO `ori_orderdetail` VALUES (184, '2', '68.9', 15, 1264);
INSERT INTO `ori_orderdetail` VALUES (185, '4', '109', 46, 1265);
INSERT INTO `ori_orderdetail` VALUES (186, '4', '109', 46, 1266);
INSERT INTO `ori_orderdetail` VALUES (187, '2', '68.9', 21, 1267);
INSERT INTO `ori_orderdetail` VALUES (188, '1', '19.9', 55, 1268);
INSERT INTO `ori_orderdetail` VALUES (189, '5', '27.9', 64, 1269);
INSERT INTO `ori_orderdetail` VALUES (190, '4', '109', 64, 1270);
INSERT INTO `ori_orderdetail` VALUES (191, '4', '109', 64, 1271);
INSERT INTO `ori_orderdetail` VALUES (192, '2', '68.9', 21, 1272);
INSERT INTO `ori_orderdetail` VALUES (193, '4', '109', 32, 1273);
INSERT INTO `ori_orderdetail` VALUES (194, '4', '109', 32, 1274);
INSERT INTO `ori_orderdetail` VALUES (195, '4', '109', 32, 1275);
INSERT INTO `ori_orderdetail` VALUES (196, '3', '59.9', 39, 1276);
INSERT INTO `ori_orderdetail` VALUES (197, '3', '59.9', 39, 1277);
INSERT INTO `ori_orderdetail` VALUES (198, '1', '19.9', 81, 1278);
INSERT INTO `ori_orderdetail` VALUES (199, '2', '68.9', 37, 1279);
INSERT INTO `ori_orderdetail` VALUES (200, '3', '59.9', 58, 1280);
INSERT INTO `ori_orderdetail` VALUES (201, '2', '68.9', 37, 1281);
INSERT INTO `ori_orderdetail` VALUES (202, '6', '49.9', 65, 1282);
INSERT INTO `ori_orderdetail` VALUES (203, '4', '109', 14, 1283);
INSERT INTO `ori_orderdetail` VALUES (204, '4', '109', 14, 1284);
INSERT INTO `ori_orderdetail` VALUES (205, '5', '27.9', 30, 1285);
INSERT INTO `ori_orderdetail` VALUES (206, '2', '68.9', 82, 1286);
INSERT INTO `ori_orderdetail` VALUES (207, '3', '59.9', 60, 1287);
INSERT INTO `ori_orderdetail` VALUES (208, '3', '59.9', 60, 1288);
INSERT INTO `ori_orderdetail` VALUES (209, '1', '19.9', 55, 1289);
INSERT INTO `ori_orderdetail` VALUES (210, '6', '49.9', 11, 1290);
INSERT INTO `ori_orderdetail` VALUES (211, '4', '109', 27, 1291);
INSERT INTO `ori_orderdetail` VALUES (212, '5', '27.9', 77, 1292);
INSERT INTO `ori_orderdetail` VALUES (213, '3', '59.9', 76, 1293);
INSERT INTO `ori_orderdetail` VALUES (214, '3', '59.9', 76, 1294);
INSERT INTO `ori_orderdetail` VALUES (215, '2', '68.9', 41, 1295);
INSERT INTO `ori_orderdetail` VALUES (216, '3', '59.9', 76, 1296);
INSERT INTO `ori_orderdetail` VALUES (217, '3', '59.9', 65, 1297);
INSERT INTO `ori_orderdetail` VALUES (218, '3', '59.9', 65, 1298);
INSERT INTO `ori_orderdetail` VALUES (219, '3', '59.9', 65, 1299);
INSERT INTO `ori_orderdetail` VALUES (220, '4', '109', 42, 1300);
INSERT INTO `ori_orderdetail` VALUES (221, '5', '27.9', 54, 1301);
INSERT INTO `ori_orderdetail` VALUES (222, '6', '49.9', 70, 1302);
INSERT INTO `ori_orderdetail` VALUES (223, '1', '19.9', 95, 1303);
INSERT INTO `ori_orderdetail` VALUES (224, '4', '109', 90, 1304);
INSERT INTO `ori_orderdetail` VALUES (225, '6', '49.9', 86, 1305);
INSERT INTO `ori_orderdetail` VALUES (226, '6', '49.9', 86, 1306);
INSERT INTO `ori_orderdetail` VALUES (227, '4', '109', 90, 1307);
INSERT INTO `ori_orderdetail` VALUES (228, '2', '68.9', 12, 1308);
INSERT INTO `ori_orderdetail` VALUES (229, '2', '68.9', 95, 1309);
INSERT INTO `ori_orderdetail` VALUES (230, '2', '68.9', 95, 1310);
INSERT INTO `ori_orderdetail` VALUES (231, '1', '19.9', 44, 1311);
INSERT INTO `ori_orderdetail` VALUES (232, '1', '19.9', 44, 1312);
INSERT INTO `ori_orderdetail` VALUES (233, '4', '109', 70, 1313);
INSERT INTO `ori_orderdetail` VALUES (234, '5', '27.9', 24, 1314);
INSERT INTO `ori_orderdetail` VALUES (235, '4', '109', 94, 1315);
INSERT INTO `ori_orderdetail` VALUES (236, '4', '109', 94, 1316);
INSERT INTO `ori_orderdetail` VALUES (237, '5', '27.9', 68, 1317);
INSERT INTO `ori_orderdetail` VALUES (238, '2', '68.9', 12, 1318);
INSERT INTO `ori_orderdetail` VALUES (239, '3', '59.9', 103, 1319);
INSERT INTO `ori_orderdetail` VALUES (240, '5', '27.9', 68, 1320);
INSERT INTO `ori_orderdetail` VALUES (241, '1', '19.9', 93, 1321);
INSERT INTO `ori_orderdetail` VALUES (242, '4', '109', 100, 1322);
INSERT INTO `ori_orderdetail` VALUES (243, '4', '109', 100, 1323);
INSERT INTO `ori_orderdetail` VALUES (244, '6', '49.9', 100, 1324);
INSERT INTO `ori_orderdetail` VALUES (245, '5', '27.9', 29, 1325);
INSERT INTO `ori_orderdetail` VALUES (246, '5', '27.9', 29, 1326);
INSERT INTO `ori_orderdetail` VALUES (247, '6', '49.9', 95, 1327);
INSERT INTO `ori_orderdetail` VALUES (248, '1', '19.9', 36, 1328);
INSERT INTO `ori_orderdetail` VALUES (249, '3', '59.9', 103, 1329);
INSERT INTO `ori_orderdetail` VALUES (250, '2', '68.9', 95, 1330);
INSERT INTO `ori_orderdetail` VALUES (251, '4', '109', 38, 1331);
INSERT INTO `ori_orderdetail` VALUES (252, '1', '19.9', 36, 1332);
INSERT INTO `ori_orderdetail` VALUES (253, '2', '68.9', 55, 1333);
INSERT INTO `ori_orderdetail` VALUES (254, '3', '59.9', 38, 1334);
INSERT INTO `ori_orderdetail` VALUES (255, '6', '49.9', 89, 1335);
INSERT INTO `ori_orderdetail` VALUES (256, '6', '49.9', 89, 1336);
INSERT INTO `ori_orderdetail` VALUES (257, '6', '49.9', 89, 1337);
INSERT INTO `ori_orderdetail` VALUES (258, '1', '19.9', 22, 1338);
INSERT INTO `ori_orderdetail` VALUES (259, '6', '49.9', 30, 1339);
INSERT INTO `ori_orderdetail` VALUES (260, '6', '49.9', 30, 1340);
INSERT INTO `ori_orderdetail` VALUES (261, '1', '19.9', 80, 1341);
INSERT INTO `ori_orderdetail` VALUES (262, '1', '19.9', 80, 1342);
INSERT INTO `ori_orderdetail` VALUES (263, '1', '19.9', 80, 1343);
INSERT INTO `ori_orderdetail` VALUES (264, '4', '109', 82, 1344);
INSERT INTO `ori_orderdetail` VALUES (265, '6', '49.9', 15, 1345);
INSERT INTO `ori_orderdetail` VALUES (266, '3', '59.9', 54, 1346);
INSERT INTO `ori_orderdetail` VALUES (267, '2', '68.9', 96, 1347);
INSERT INTO `ori_orderdetail` VALUES (268, '3', '59.9', 54, 1348);
INSERT INTO `ori_orderdetail` VALUES (269, '5', '27.9', 30, 1349);
INSERT INTO `ori_orderdetail` VALUES (270, '3', '59.9', 54, 1350);
INSERT INTO `ori_orderdetail` VALUES (271, '1', '19.9', 29, 1351);
INSERT INTO `ori_orderdetail` VALUES (272, '4', '109', 40, 1352);
INSERT INTO `ori_orderdetail` VALUES (273, '1', '19.9', 29, 1353);
INSERT INTO `ori_orderdetail` VALUES (274, '2', '68.9', 82, 1354);
INSERT INTO `ori_orderdetail` VALUES (275, '4', '109', 40, 1355);
INSERT INTO `ori_orderdetail` VALUES (276, '3', '59.9', 33, 1356);
INSERT INTO `ori_orderdetail` VALUES (277, '1', '19.9', 34, 1357);
INSERT INTO `ori_orderdetail` VALUES (278, '1', '19.9', 34, 1358);
INSERT INTO `ori_orderdetail` VALUES (279, '4', '109', 33, 1359);
INSERT INTO `ori_orderdetail` VALUES (280, '5', '27.9', 83, 1360);
INSERT INTO `ori_orderdetail` VALUES (281, '5', '27.9', 83, 1361);
INSERT INTO `ori_orderdetail` VALUES (282, '5', '27.9', 83, 1362);
INSERT INTO `ori_orderdetail` VALUES (283, '5', '27.9', 101, 1363);
INSERT INTO `ori_orderdetail` VALUES (284, '4', '109', 53, 1364);
INSERT INTO `ori_orderdetail` VALUES (285, '3', '59.9', 28, 1365);
INSERT INTO `ori_orderdetail` VALUES (286, '4', '109', 53, 1366);
INSERT INTO `ori_orderdetail` VALUES (287, '5', '27.9', 101, 1367);
INSERT INTO `ori_orderdetail` VALUES (288, '1', '19.9', 25, 1368);
INSERT INTO `ori_orderdetail` VALUES (289, '1', '19.9', 84, 1369);
INSERT INTO `ori_orderdetail` VALUES (290, '3', '59.9', 13, 1370);
INSERT INTO `ori_orderdetail` VALUES (291, '3', '59.9', 13, 1371);
INSERT INTO `ori_orderdetail` VALUES (292, '4', '109', 47, 1372);
INSERT INTO `ori_orderdetail` VALUES (293, '6', '49.9', 36, 1373);
INSERT INTO `ori_orderdetail` VALUES (294, '2', '68.9', 15, 1374);
INSERT INTO `ori_orderdetail` VALUES (295, '2', '68.9', 54, 1375);
INSERT INTO `ori_orderdetail` VALUES (296, '4', '109', 27, 1376);
INSERT INTO `ori_orderdetail` VALUES (297, '2', '68.9', 54, 1377);
INSERT INTO `ori_orderdetail` VALUES (298, '1', '19.9', 93, 1378);
INSERT INTO `ori_orderdetail` VALUES (299, '5', '27.9', 82, 1379);
INSERT INTO `ori_orderdetail` VALUES (300, '5', '27.9', 82, 1380);
INSERT INTO `ori_orderdetail` VALUES (301, '1', '19.9', 58, 1381);
INSERT INTO `ori_orderdetail` VALUES (302, '1', '19.9', 58, 1382);
INSERT INTO `ori_orderdetail` VALUES (303, '6', '49.9', 21, 1383);
INSERT INTO `ori_orderdetail` VALUES (304, '3', '59.9', 42, 1384);
INSERT INTO `ori_orderdetail` VALUES (305, '2', '68.9', 79, 1385);
INSERT INTO `ori_orderdetail` VALUES (306, '4', '109', 59, 1386);
INSERT INTO `ori_orderdetail` VALUES (307, '5', '27.9', 36, 1387);
INSERT INTO `ori_orderdetail` VALUES (308, '4', '109', 42, 1388);
INSERT INTO `ori_orderdetail` VALUES (309, '4', '109', 42, 1389);
INSERT INTO `ori_orderdetail` VALUES (310, '6', '49.9', 78, 1390);
INSERT INTO `ori_orderdetail` VALUES (311, '2', '68.9', 64, 1391);
INSERT INTO `ori_orderdetail` VALUES (312, '1', '19.9', 68, 1392);
INSERT INTO `ori_orderdetail` VALUES (313, '4', '109', 23, 1393);
INSERT INTO `ori_orderdetail` VALUES (314, '3', '59.9', 77, 1394);
INSERT INTO `ori_orderdetail` VALUES (315, '6', '49.9', 66, 1395);
INSERT INTO `ori_orderdetail` VALUES (316, '3', '59.9', 77, 1396);
INSERT INTO `ori_orderdetail` VALUES (317, '3', '59.9', 77, 1397);
INSERT INTO `ori_orderdetail` VALUES (318, '1', '19.9', 65, 1398);
INSERT INTO `ori_orderdetail` VALUES (319, '4', '109', 99, 1399);
INSERT INTO `ori_orderdetail` VALUES (320, '6', '49.9', 81, 1400);
INSERT INTO `ori_orderdetail` VALUES (321, '6', '49.9', 81, 1401);
INSERT INTO `ori_orderdetail` VALUES (322, '5', '27.9', 97, 1402);
INSERT INTO `ori_orderdetail` VALUES (323, '6', '49.9', 81, 1403);
INSERT INTO `ori_orderdetail` VALUES (324, '5', '27.9', 97, 1404);
INSERT INTO `ori_orderdetail` VALUES (325, '4', '109', 53, 1405);
INSERT INTO `ori_orderdetail` VALUES (326, '3', '59.9', 15, 1406);
INSERT INTO `ori_orderdetail` VALUES (327, '3', '59.9', 15, 1407);
INSERT INTO `ori_orderdetail` VALUES (328, '3', '59.9', 15, 1408);
INSERT INTO `ori_orderdetail` VALUES (329, '4', '109', 53, 1409);
INSERT INTO `ori_orderdetail` VALUES (330, '4', '109', 53, 1410);
INSERT INTO `ori_orderdetail` VALUES (331, '2', '68.9', 15, 1411);
INSERT INTO `ori_orderdetail` VALUES (332, '6', '49.9', 25, 1412);
INSERT INTO `ori_orderdetail` VALUES (333, '3', '59.9', 87, 1413);
INSERT INTO `ori_orderdetail` VALUES (334, '5', '27.9', 45, 1414);
INSERT INTO `ori_orderdetail` VALUES (335, '5', '27.9', 45, 1415);
INSERT INTO `ori_orderdetail` VALUES (336, '6', '49.9', 25, 1416);
INSERT INTO `ori_orderdetail` VALUES (337, '3', '59.9', 102, 1417);
INSERT INTO `ori_orderdetail` VALUES (338, '1', '19.9', 57, 1418);
INSERT INTO `ori_orderdetail` VALUES (339, '3', '59.9', 102, 1419);
INSERT INTO `ori_orderdetail` VALUES (340, '2', '68.9', 10, 1420);
INSERT INTO `ori_orderdetail` VALUES (341, '1', '19.9', 57, 1421);
INSERT INTO `ori_orderdetail` VALUES (342, '6', '49.9', 13, 1422);
INSERT INTO `ori_orderdetail` VALUES (343, '5', '27.9', 98, 1423);
INSERT INTO `ori_orderdetail` VALUES (344, '1', '19.9', 75, 1424);
INSERT INTO `ori_orderdetail` VALUES (345, '1', '19.9', 75, 1425);
INSERT INTO `ori_orderdetail` VALUES (346, '5', '27.9', 98, 1426);
INSERT INTO `ori_orderdetail` VALUES (347, '3', '59.9', 104, 1427);
INSERT INTO `ori_orderdetail` VALUES (348, '4', '109', 62, 1428);
INSERT INTO `ori_orderdetail` VALUES (349, '6', '49.9', 79, 1429);
INSERT INTO `ori_orderdetail` VALUES (350, '1', '19.9', 71, 1430);
INSERT INTO `ori_orderdetail` VALUES (351, '5', '27.9', 44, 1431);
INSERT INTO `ori_orderdetail` VALUES (352, '2', '68.9', 99, 1432);
INSERT INTO `ori_orderdetail` VALUES (353, '3', '59.9', 81, 1433);
INSERT INTO `ori_orderdetail` VALUES (354, '4', '109', 76, 1434);
INSERT INTO `ori_orderdetail` VALUES (355, '5', '27.9', 67, 1435);
INSERT INTO `ori_orderdetail` VALUES (356, '6', '49.9', 23, 1436);
INSERT INTO `ori_orderdetail` VALUES (357, '5', '27.9', 67, 1437);
INSERT INTO `ori_orderdetail` VALUES (358, '3', '59.9', 104, 1438);
INSERT INTO `ori_orderdetail` VALUES (359, '6', '49.9', 23, 1439);
INSERT INTO `ori_orderdetail` VALUES (360, '6', '49.9', 23, 1440);
INSERT INTO `ori_orderdetail` VALUES (361, '1', '19.9', 74, 1441);
INSERT INTO `ori_orderdetail` VALUES (362, '5', '27.9', 67, 1442);
INSERT INTO `ori_orderdetail` VALUES (363, '3', '59.9', 54, 1443);
INSERT INTO `ori_orderdetail` VALUES (364, '1', '19.9', 74, 1444);
INSERT INTO `ori_orderdetail` VALUES (365, '2', '68.9', 91, 1445);
INSERT INTO `ori_orderdetail` VALUES (366, '3', '59.9', 54, 1446);
INSERT INTO `ori_orderdetail` VALUES (367, '5', '27.9', 103, 1447);
INSERT INTO `ori_orderdetail` VALUES (368, '3', '59.9', 76, 1448);
INSERT INTO `ori_orderdetail` VALUES (369, '1', '19.9', 103, 1449);
INSERT INTO `ori_orderdetail` VALUES (370, '5', '27.9', 103, 1450);
INSERT INTO `ori_orderdetail` VALUES (371, '4', '109', 18, 1451);
INSERT INTO `ori_orderdetail` VALUES (372, '3', '59.9', 76, 1452);
INSERT INTO `ori_orderdetail` VALUES (373, '5', '27.9', 20, 1453);
INSERT INTO `ori_orderdetail` VALUES (374, '4', '109', 26, 1454);
INSERT INTO `ori_orderdetail` VALUES (375, '6', '49.9', 41, 1455);
INSERT INTO `ori_orderdetail` VALUES (376, '5', '27.9', 20, 1456);
INSERT INTO `ori_orderdetail` VALUES (377, '5', '27.9', 20, 1457);
INSERT INTO `ori_orderdetail` VALUES (378, '2', '68.9', 38, 1458);
INSERT INTO `ori_orderdetail` VALUES (379, '5', '27.9', 42, 1459);
INSERT INTO `ori_orderdetail` VALUES (380, '1', '19.9', 48, 1460);
INSERT INTO `ori_orderdetail` VALUES (381, '3', '59.9', 69, 1461);
INSERT INTO `ori_orderdetail` VALUES (382, '1', '19.9', 48, 1462);
INSERT INTO `ori_orderdetail` VALUES (383, '4', '109', 26, 1463);
INSERT INTO `ori_orderdetail` VALUES (384, '3', '59.9', 69, 1464);
INSERT INTO `ori_orderdetail` VALUES (385, '5', '27.9', 51, 1465);
INSERT INTO `ori_orderdetail` VALUES (386, '6', '49.9', 41, 1466);
INSERT INTO `ori_orderdetail` VALUES (387, '2', '68.9', 16, 1467);
INSERT INTO `ori_orderdetail` VALUES (388, '4', '109', 8, 1468);
INSERT INTO `ori_orderdetail` VALUES (389, '6', '49.9', 41, 1469);
INSERT INTO `ori_orderdetail` VALUES (390, '4', '109', 8, 1470);
INSERT INTO `ori_orderdetail` VALUES (391, '2', '68.9', 64, 1471);
INSERT INTO `ori_orderdetail` VALUES (392, '2', '68.9', 64, 1472);
INSERT INTO `ori_orderdetail` VALUES (393, '2', '68.9', 64, 1473);
INSERT INTO `ori_orderdetail` VALUES (394, '4', '109', 52, 1474);
INSERT INTO `ori_orderdetail` VALUES (395, '4', '109', 52, 1475);
INSERT INTO `ori_orderdetail` VALUES (396, '1', '19.9', 50, 1476);
INSERT INTO `ori_orderdetail` VALUES (397, '4', '109', 101, 1477);
INSERT INTO `ori_orderdetail` VALUES (398, '3', '59.9', 50, 1478);
INSERT INTO `ori_orderdetail` VALUES (399, '5', '27.9', 24, 1479);
INSERT INTO `ori_orderdetail` VALUES (400, '1', '19.9', 84, 1480);
INSERT INTO `ori_orderdetail` VALUES (401, '4', '109', 101, 1481);
INSERT INTO `ori_orderdetail` VALUES (402, '3', '59.9', 50, 1482);
INSERT INTO `ori_orderdetail` VALUES (403, '5', '27.9', 61, 1483);
INSERT INTO `ori_orderdetail` VALUES (404, '3', '59.9', 37, 1484);
INSERT INTO `ori_orderdetail` VALUES (405, '6', '49.9', 92, 1485);
INSERT INTO `ori_orderdetail` VALUES (406, '4', '109', 55, 1486);
INSERT INTO `ori_orderdetail` VALUES (407, '4', '109', 55, 1487);
INSERT INTO `ori_orderdetail` VALUES (408, '4', '109', 55, 1488);
INSERT INTO `ori_orderdetail` VALUES (409, '4', '109', 73, 1489);
INSERT INTO `ori_orderdetail` VALUES (410, '2', '68.9', 88, 1490);
INSERT INTO `ori_orderdetail` VALUES (411, '2', '68.9', 88, 1491);
INSERT INTO `ori_orderdetail` VALUES (412, '5', '27.9', 37, 1492);
INSERT INTO `ori_orderdetail` VALUES (413, '6', '49.9', 10, 1493);
INSERT INTO `ori_orderdetail` VALUES (414, '6', '49.9', 10, 1494);
INSERT INTO `ori_orderdetail` VALUES (415, '6', '49.9', 67, 1495);
INSERT INTO `ori_orderdetail` VALUES (416, '3', '59.9', 33, 1496);
INSERT INTO `ori_orderdetail` VALUES (417, '3', '59.9', 33, 1497);
INSERT INTO `ori_orderdetail` VALUES (418, '5', '27.9', 51, 1498);
INSERT INTO `ori_orderdetail` VALUES (419, '3', '59.9', 33, 1499);
INSERT INTO `ori_orderdetail` VALUES (420, '6', '49.9', 67, 1500);
INSERT INTO `ori_orderdetail` VALUES (421, '4', '109', 84, 1501);
INSERT INTO `ori_orderdetail` VALUES (422, '5', '27.9', 100, 1502);
INSERT INTO `ori_orderdetail` VALUES (423, '2', '68.9', 88, 1503);
INSERT INTO `ori_orderdetail` VALUES (424, '3', '59.9', 9, 1504);
INSERT INTO `ori_orderdetail` VALUES (425, '1', '19.9', 34, 1505);
INSERT INTO `ori_orderdetail` VALUES (426, '6', '49.9', 81, 1506);
INSERT INTO `ori_orderdetail` VALUES (427, '6', '49.9', 68, 1507);
INSERT INTO `ori_orderdetail` VALUES (428, '6', '49.9', 68, 1508);
INSERT INTO `ori_orderdetail` VALUES (429, '3', '59.9', 62, 1509);
INSERT INTO `ori_orderdetail` VALUES (430, '2', '68.9', 34, 1510);
INSERT INTO `ori_orderdetail` VALUES (431, '3', '59.9', 62, 1511);
INSERT INTO `ori_orderdetail` VALUES (432, '1', '19.9', 43, 1512);
INSERT INTO `ori_orderdetail` VALUES (433, '1', '19.9', 86, 1513);
INSERT INTO `ori_orderdetail` VALUES (434, '3', '59.9', 24, 1514);
INSERT INTO `ori_orderdetail` VALUES (435, '6', '49.9', 48, 1515);
INSERT INTO `ori_orderdetail` VALUES (436, '5', '27.9', 10, 1516);
INSERT INTO `ori_orderdetail` VALUES (437, '6', '49.9', 48, 1517);
INSERT INTO `ori_orderdetail` VALUES (438, '2', '68.9', 44, 1518);
INSERT INTO `ori_orderdetail` VALUES (439, '6', '49.9', 38, 1519);
INSERT INTO `ori_orderdetail` VALUES (440, '6', '49.9', 38, 1520);
INSERT INTO `ori_orderdetail` VALUES (441, '2', '68.9', 32, 1521);
INSERT INTO `ori_orderdetail` VALUES (442, '4', '109', 32, 1522);
INSERT INTO `ori_orderdetail` VALUES (443, '3', '59.9', 19, 1523);
INSERT INTO `ori_orderdetail` VALUES (444, '3', '59.9', 19, 1524);
INSERT INTO `ori_orderdetail` VALUES (445, '2', '68.9', 83, 1525);
INSERT INTO `ori_orderdetail` VALUES (446, '1', '19.9', 79, 1526);
INSERT INTO `ori_orderdetail` VALUES (447, '4', '109', 83, 1527);
INSERT INTO `ori_orderdetail` VALUES (448, '1', '19.9', 79, 1528);
INSERT INTO `ori_orderdetail` VALUES (449, '4', '109', 83, 1529);
INSERT INTO `ori_orderdetail` VALUES (450, '4', '109', 83, 1530);
INSERT INTO `ori_orderdetail` VALUES (451, '6', '49.9', 59, 1531);
INSERT INTO `ori_orderdetail` VALUES (452, '3', '59.9', 40, 1532);
INSERT INTO `ori_orderdetail` VALUES (453, '4', '109', 8, 1533);
INSERT INTO `ori_orderdetail` VALUES (454, '3', '59.9', 40, 1534);
INSERT INTO `ori_orderdetail` VALUES (455, '5', '27.9', 60, 1535);
INSERT INTO `ori_orderdetail` VALUES (456, '3', '59.9', 40, 1536);
INSERT INTO `ori_orderdetail` VALUES (457, '1', '19.9', 27, 1537);
INSERT INTO `ori_orderdetail` VALUES (458, '3', '59.9', 89, 1538);
INSERT INTO `ori_orderdetail` VALUES (459, '4', '109', 50, 1539);
INSERT INTO `ori_orderdetail` VALUES (460, '6', '49.9', 74, 1540);
INSERT INTO `ori_orderdetail` VALUES (461, '5', '27.9', 51, 1541);
INSERT INTO `ori_orderdetail` VALUES (462, '4', '109', 50, 1542);
INSERT INTO `ori_orderdetail` VALUES (463, '1', '19.9', 63, 1543);
INSERT INTO `ori_orderdetail` VALUES (464, '3', '59.9', 28, 1544);
INSERT INTO `ori_orderdetail` VALUES (465, '1', '19.9', 63, 1545);
INSERT INTO `ori_orderdetail` VALUES (466, '4', '109', 55, 1546);
INSERT INTO `ori_orderdetail` VALUES (467, '5', '27.9', 32, 1547);
INSERT INTO `ori_orderdetail` VALUES (468, '4', '109', 55, 1548);
INSERT INTO `ori_orderdetail` VALUES (469, '4', '109', 86, 1549);
INSERT INTO `ori_orderdetail` VALUES (470, '2', '68.9', 26, 1550);
INSERT INTO `ori_orderdetail` VALUES (471, '3', '59.9', 31, 1551);
INSERT INTO `ori_orderdetail` VALUES (472, '1', '19.9', 101, 1552);
INSERT INTO `ori_orderdetail` VALUES (473, '2', '68.9', 26, 1553);
INSERT INTO `ori_orderdetail` VALUES (474, '2', '68.9', 26, 1554);
INSERT INTO `ori_orderdetail` VALUES (475, '2', '68.9', 8, 1555);
INSERT INTO `ori_orderdetail` VALUES (476, '4', '109', 64, 1556);
INSERT INTO `ori_orderdetail` VALUES (477, '2', '68.9', 8, 1557);
INSERT INTO `ori_orderdetail` VALUES (478, '3', '59.9', 43, 1558);
INSERT INTO `ori_orderdetail` VALUES (479, '2', '68.9', 8, 1559);
INSERT INTO `ori_orderdetail` VALUES (480, '4', '109', 64, 1560);
INSERT INTO `ori_orderdetail` VALUES (481, '6', '49.9', 33, 1561);
INSERT INTO `ori_orderdetail` VALUES (482, '1', '19.9', 15, 1562);
INSERT INTO `ori_orderdetail` VALUES (483, '6', '49.9', 33, 1563);
INSERT INTO `ori_orderdetail` VALUES (484, '1', '19.9', 15, 1564);
INSERT INTO `ori_orderdetail` VALUES (485, '2', '68.9', 75, 1565);
INSERT INTO `ori_orderdetail` VALUES (486, '3', '59.9', 47, 1566);
INSERT INTO `ori_orderdetail` VALUES (487, '6', '49.9', 91, 1567);
INSERT INTO `ori_orderdetail` VALUES (488, '3', '59.9', 14, 1568);
INSERT INTO `ori_orderdetail` VALUES (489, '6', '49.9', 91, 1569);
INSERT INTO `ori_orderdetail` VALUES (490, '3', '59.9', 14, 1570);
INSERT INTO `ori_orderdetail` VALUES (491, '4', '109', 98, 1571);
INSERT INTO `ori_orderdetail` VALUES (492, '1', '19.9', 98, 1572);
INSERT INTO `ori_orderdetail` VALUES (493, '1', '19.9', 103, 1573);
INSERT INTO `ori_orderdetail` VALUES (494, '5', '27.9', 90, 1574);
INSERT INTO `ori_orderdetail` VALUES (495, '2', '68.9', 86, 1575);
INSERT INTO `ori_orderdetail` VALUES (496, '1', '19.9', 103, 1576);
INSERT INTO `ori_orderdetail` VALUES (497, '6', '49.9', 74, 1577);
INSERT INTO `ori_orderdetail` VALUES (498, '2', '68.9', 86, 1578);
INSERT INTO `ori_orderdetail` VALUES (499, '3', '59.9', 36, 1579);
INSERT INTO `ori_orderdetail` VALUES (500, '2', '68.9', 45, 1580);
INSERT INTO `ori_orderdetail` VALUES (501, '4', '109', 104, 1581);
INSERT INTO `ori_orderdetail` VALUES (502, '6', '49.9', 58, 1582);
INSERT INTO `ori_orderdetail` VALUES (503, '6', '49.9', 58, 1583);
INSERT INTO `ori_orderdetail` VALUES (504, '6', '49.9', 58, 1584);
INSERT INTO `ori_orderdetail` VALUES (505, '4', '109', 85, 1585);
INSERT INTO `ori_orderdetail` VALUES (506, '3', '59.9', 93, 1586);
INSERT INTO `ori_orderdetail` VALUES (507, '4', '109', 85, 1587);
INSERT INTO `ori_orderdetail` VALUES (508, '2', '68.9', 70, 1588);
INSERT INTO `ori_orderdetail` VALUES (509, '3', '59.9', 93, 1589);
INSERT INTO `ori_orderdetail` VALUES (510, '6', '49.9', 29, 1590);
INSERT INTO `ori_orderdetail` VALUES (511, '2', '68.9', 70, 1591);
INSERT INTO `ori_orderdetail` VALUES (512, '3', '59.9', 61, 1592);
INSERT INTO `ori_orderdetail` VALUES (513, '5', '27.9', 64, 1593);
INSERT INTO `ori_orderdetail` VALUES (514, '5', '27.9', 64, 1594);
INSERT INTO `ori_orderdetail` VALUES (515, '2', '68.9', 70, 1595);
INSERT INTO `ori_orderdetail` VALUES (516, '6', '49.9', 54, 1596);
INSERT INTO `ori_orderdetail` VALUES (517, '2', '68.9', 65, 1597);
INSERT INTO `ori_orderdetail` VALUES (518, '1', '19.9', 79, 1598);
INSERT INTO `ori_orderdetail` VALUES (519, '2', '68.9', 65, 1599);
INSERT INTO `ori_orderdetail` VALUES (520, '4', '109', 34, 1600);
INSERT INTO `ori_orderdetail` VALUES (521, '1', '19.9', 79, 1601);
INSERT INTO `ori_orderdetail` VALUES (522, '3', '59.9', 81, 1602);
INSERT INTO `ori_orderdetail` VALUES (523, '5', '27.9', 53, 1603);
INSERT INTO `ori_orderdetail` VALUES (524, '2', '68.9', 95, 1604);
INSERT INTO `ori_orderdetail` VALUES (525, '4', '109', 90, 1605);
INSERT INTO `ori_orderdetail` VALUES (526, '1', '19.9', 24, 1606);
INSERT INTO `ori_orderdetail` VALUES (527, '2', '68.9', 95, 1607);
INSERT INTO `ori_orderdetail` VALUES (528, '5', '27.9', 53, 1608);
INSERT INTO `ori_orderdetail` VALUES (529, '5', '27.9', 68, 1609);
INSERT INTO `ori_orderdetail` VALUES (530, '2', '68.9', 98, 1610);
INSERT INTO `ori_orderdetail` VALUES (531, '6', '49.9', 23, 1611);
INSERT INTO `ori_orderdetail` VALUES (532, '5', '27.9', 68, 1612);
INSERT INTO `ori_orderdetail` VALUES (533, '5', '27.9', 68, 1613);
INSERT INTO `ori_orderdetail` VALUES (534, '1', '19.9', 91, 1614);
INSERT INTO `ori_orderdetail` VALUES (535, '6', '49.9', 41, 1615);
INSERT INTO `ori_orderdetail` VALUES (536, '4', '109', 65, 1616);
INSERT INTO `ori_orderdetail` VALUES (537, '1', '19.9', 18, 1617);
INSERT INTO `ori_orderdetail` VALUES (538, '2', '68.9', 37, 1618);
INSERT INTO `ori_orderdetail` VALUES (539, '4', '109', 65, 1619);
INSERT INTO `ori_orderdetail` VALUES (540, '6', '49.9', 41, 1620);
INSERT INTO `ori_orderdetail` VALUES (1, '1', '19.9', 90, 1621);
INSERT INTO `ori_orderdetail` VALUES (2, '2', '68.9', 71, 1622);
INSERT INTO `ori_orderdetail` VALUES (3, '1', '19.9', 90, 1623);
INSERT INTO `ori_orderdetail` VALUES (4, '2', '68.9', 71, 1624);
INSERT INTO `ori_orderdetail` VALUES (5, '1', '19.9', 90, 1625);
INSERT INTO `ori_orderdetail` VALUES (6, '6', '49.9', 25, 1626);
INSERT INTO `ori_orderdetail` VALUES (7, '4', '109', 58, 1627);
INSERT INTO `ori_orderdetail` VALUES (8, '2', '68.9', 88, 1628);
INSERT INTO `ori_orderdetail` VALUES (9, '2', '68.9', 88, 1629);
INSERT INTO `ori_orderdetail` VALUES (10, '6', '49.9', 26, 1630);
INSERT INTO `ori_orderdetail` VALUES (11, '2', '68.9', 88, 1631);
INSERT INTO `ori_orderdetail` VALUES (12, '6', '49.9', 26, 1632);
INSERT INTO `ori_orderdetail` VALUES (13, '3', '59.9', 51, 1633);
INSERT INTO `ori_orderdetail` VALUES (14, '3', '59.9', 51, 1634);
INSERT INTO `ori_orderdetail` VALUES (15, '4', '109', 83, 1635);
INSERT INTO `ori_orderdetail` VALUES (16, '6', '49.9', 93, 1636);
INSERT INTO `ori_orderdetail` VALUES (17, '3', '59.9', 51, 1637);
INSERT INTO `ori_orderdetail` VALUES (18, '4', '109', 83, 1638);
INSERT INTO `ori_orderdetail` VALUES (19, '6', '49.9', 28, 1639);
INSERT INTO `ori_orderdetail` VALUES (20, '6', '49.9', 28, 1640);
INSERT INTO `ori_orderdetail` VALUES (21, '3', '59.9', 57, 1641);
INSERT INTO `ori_orderdetail` VALUES (22, '2', '68.9', 81, 1642);
INSERT INTO `ori_orderdetail` VALUES (23, '1', '19.9', 33, 1643);
INSERT INTO `ori_orderdetail` VALUES (24, '2', '68.9', 81, 1644);
INSERT INTO `ori_orderdetail` VALUES (25, '1', '19.9', 44, 1645);
INSERT INTO `ori_orderdetail` VALUES (26, '1', '19.9', 44, 1646);
INSERT INTO `ori_orderdetail` VALUES (27, '2', '68.9', 97, 1647);
INSERT INTO `ori_orderdetail` VALUES (28, '1', '19.9', 44, 1648);
INSERT INTO `ori_orderdetail` VALUES (29, '5', '27.9', 22, 1649);
INSERT INTO `ori_orderdetail` VALUES (30, '2', '68.9', 97, 1650);
INSERT INTO `ori_orderdetail` VALUES (31, '1', '19.9', 37, 1651);
INSERT INTO `ori_orderdetail` VALUES (32, '5', '27.9', 41, 1652);
INSERT INTO `ori_orderdetail` VALUES (33, '2', '68.9', 72, 1653);
INSERT INTO `ori_orderdetail` VALUES (34, '6', '49.9', 100, 1654);
INSERT INTO `ori_orderdetail` VALUES (35, '6', '49.9', 100, 1655);
INSERT INTO `ori_orderdetail` VALUES (36, '2', '68.9', 72, 1656);
INSERT INTO `ori_orderdetail` VALUES (37, '1', '19.9', 46, 1657);
INSERT INTO `ori_orderdetail` VALUES (38, '3', '59.9', 40, 1658);
INSERT INTO `ori_orderdetail` VALUES (39, '5', '27.9', 57, 1659);
INSERT INTO `ori_orderdetail` VALUES (40, '3', '59.9', 40, 1660);
INSERT INTO `ori_orderdetail` VALUES (41, '1', '19.9', 46, 1661);
INSERT INTO `ori_orderdetail` VALUES (42, '2', '68.9', 103, 1662);
INSERT INTO `ori_orderdetail` VALUES (43, '5', '27.9', 62, 1663);
INSERT INTO `ori_orderdetail` VALUES (44, '4', '109', 52, 1664);
INSERT INTO `ori_orderdetail` VALUES (45, '6', '49.9', 103, 1665);
INSERT INTO `ori_orderdetail` VALUES (46, '6', '49.9', 103, 1666);
INSERT INTO `ori_orderdetail` VALUES (47, '6', '49.9', 103, 1667);
INSERT INTO `ori_orderdetail` VALUES (48, '5', '27.9', 62, 1668);
INSERT INTO `ori_orderdetail` VALUES (49, '3', '59.9', 69, 1669);
INSERT INTO `ori_orderdetail` VALUES (50, '4', '109', 36, 1670);
INSERT INTO `ori_orderdetail` VALUES (51, '1', '19.9', 62, 1671);
INSERT INTO `ori_orderdetail` VALUES (52, '3', '59.9', 69, 1672);
INSERT INTO `ori_orderdetail` VALUES (53, '2', '68.9', 73, 1673);
INSERT INTO `ori_orderdetail` VALUES (54, '6', '49.9', 46, 1674);
INSERT INTO `ori_orderdetail` VALUES (55, '4', '109', 63, 1675);
INSERT INTO `ori_orderdetail` VALUES (56, '5', '27.9', 20, 1676);
INSERT INTO `ori_orderdetail` VALUES (57, '3', '59.9', 65, 1677);
INSERT INTO `ori_orderdetail` VALUES (58, '1', '19.9', 54, 1678);
INSERT INTO `ori_orderdetail` VALUES (59, '6', '49.9', 58, 1679);
INSERT INTO `ori_orderdetail` VALUES (60, '3', '59.9', 65, 1680);
INSERT INTO `ori_orderdetail` VALUES (61, '4', '109', 53, 1681);
INSERT INTO `ori_orderdetail` VALUES (62, '4', '109', 53, 1682);
INSERT INTO `ori_orderdetail` VALUES (63, '3', '59.9', 79, 1683);
INSERT INTO `ori_orderdetail` VALUES (64, '1', '19.9', 100, 1684);
INSERT INTO `ori_orderdetail` VALUES (65, '4', '109', 53, 1685);
INSERT INTO `ori_orderdetail` VALUES (66, '5', '27.9', 53, 1686);
INSERT INTO `ori_orderdetail` VALUES (67, '3', '59.9', 34, 1687);
INSERT INTO `ori_orderdetail` VALUES (68, '5', '27.9', 61, 1688);
INSERT INTO `ori_orderdetail` VALUES (69, '1', '19.9', 77, 1689);
INSERT INTO `ori_orderdetail` VALUES (70, '1', '19.9', 77, 1690);
INSERT INTO `ori_orderdetail` VALUES (71, '6', '49.9', 73, 1691);
INSERT INTO `ori_orderdetail` VALUES (72, '5', '27.9', 61, 1692);
INSERT INTO `ori_orderdetail` VALUES (73, '6', '49.9', 77, 1693);
INSERT INTO `ori_orderdetail` VALUES (74, '1', '19.9', 95, 1694);
INSERT INTO `ori_orderdetail` VALUES (75, '6', '49.9', 77, 1695);
INSERT INTO `ori_orderdetail` VALUES (76, '2', '68.9', 96, 1696);
INSERT INTO `ori_orderdetail` VALUES (77, '3', '59.9', 63, 1697);
INSERT INTO `ori_orderdetail` VALUES (78, '5', '27.9', 70, 1698);
INSERT INTO `ori_orderdetail` VALUES (79, '4', '109', 69, 1699);
INSERT INTO `ori_orderdetail` VALUES (80, '1', '19.9', 22, 1700);
INSERT INTO `ori_orderdetail` VALUES (81, '3', '59.9', 45, 1701);
INSERT INTO `ori_orderdetail` VALUES (82, '3', '59.9', 45, 1702);
INSERT INTO `ori_orderdetail` VALUES (83, '3', '59.9', 45, 1703);
INSERT INTO `ori_orderdetail` VALUES (84, '5', '27.9', 85, 1704);
INSERT INTO `ori_orderdetail` VALUES (85, '1', '19.9', 46, 1705);
INSERT INTO `ori_orderdetail` VALUES (86, '4', '109', 102, 1706);
INSERT INTO `ori_orderdetail` VALUES (87, '2', '68.9', 42, 1707);
INSERT INTO `ori_orderdetail` VALUES (88, '4', '109', 102, 1708);
INSERT INTO `ori_orderdetail` VALUES (89, '6', '49.9', 50, 1709);
INSERT INTO `ori_orderdetail` VALUES (90, '2', '68.9', 42, 1710);
INSERT INTO `ori_orderdetail` VALUES (91, '6', '49.9', 104, 1711);
INSERT INTO `ori_orderdetail` VALUES (92, '6', '49.9', 104, 1712);
INSERT INTO `ori_orderdetail` VALUES (93, '1', '19.9', 23, 1713);
INSERT INTO `ori_orderdetail` VALUES (94, '2', '68.9', 12, 1714);
INSERT INTO `ori_orderdetail` VALUES (95, '3', '59.9', 100, 1715);
INSERT INTO `ori_orderdetail` VALUES (96, '2', '68.9', 12, 1716);
INSERT INTO `ori_orderdetail` VALUES (97, '6', '49.9', 95, 1717);
INSERT INTO `ori_orderdetail` VALUES (98, '2', '68.9', 85, 1718);
INSERT INTO `ori_orderdetail` VALUES (99, '6', '49.9', 95, 1719);
INSERT INTO `ori_orderdetail` VALUES (100, '4', '109', 88, 1720);
INSERT INTO `ori_orderdetail` VALUES (101, '2', '68.9', 85, 1721);
INSERT INTO `ori_orderdetail` VALUES (102, '3', '59.9', 55, 1722);
INSERT INTO `ori_orderdetail` VALUES (103, '6', '49.9', 76, 1723);
INSERT INTO `ori_orderdetail` VALUES (104, '1', '19.9', 29, 1724);
INSERT INTO `ori_orderdetail` VALUES (105, '1', '19.9', 29, 1725);
INSERT INTO `ori_orderdetail` VALUES (106, '2', '68.9', 85, 1726);
INSERT INTO `ori_orderdetail` VALUES (107, '6', '49.9', 76, 1727);
INSERT INTO `ori_orderdetail` VALUES (108, '3', '59.9', 98, 1728);
INSERT INTO `ori_orderdetail` VALUES (109, '2', '68.9', 28, 1729);
INSERT INTO `ori_orderdetail` VALUES (110, '1', '19.9', 40, 1730);
INSERT INTO `ori_orderdetail` VALUES (111, '3', '59.9', 78, 1731);
INSERT INTO `ori_orderdetail` VALUES (112, '2', '68.9', 28, 1732);
INSERT INTO `ori_orderdetail` VALUES (113, '1', '19.9', 40, 1733);
INSERT INTO `ori_orderdetail` VALUES (114, '6', '49.9', 35, 1734);
INSERT INTO `ori_orderdetail` VALUES (115, '2', '68.9', 73, 1735);
INSERT INTO `ori_orderdetail` VALUES (116, '5', '27.9', 68, 1736);
INSERT INTO `ori_orderdetail` VALUES (117, '6', '49.9', 62, 1737);
INSERT INTO `ori_orderdetail` VALUES (118, '1', '19.9', 47, 1738);
INSERT INTO `ori_orderdetail` VALUES (119, '6', '49.9', 62, 1739);
INSERT INTO `ori_orderdetail` VALUES (120, '5', '27.9', 68, 1740);
INSERT INTO `ori_orderdetail` VALUES (121, '1', '19.9', 103, 1741);
INSERT INTO `ori_orderdetail` VALUES (122, '1', '19.9', 103, 1742);
INSERT INTO `ori_orderdetail` VALUES (123, '5', '27.9', 9, 1743);
INSERT INTO `ori_orderdetail` VALUES (124, '5', '27.9', 9, 1744);
INSERT INTO `ori_orderdetail` VALUES (125, '2', '68.9', 95, 1745);
INSERT INTO `ori_orderdetail` VALUES (126, '3', '59.9', 20, 1746);
INSERT INTO `ori_orderdetail` VALUES (127, '6', '49.9', 16, 1747);
INSERT INTO `ori_orderdetail` VALUES (128, '2', '68.9', 52, 1748);
INSERT INTO `ori_orderdetail` VALUES (129, '6', '49.9', 16, 1749);
INSERT INTO `ori_orderdetail` VALUES (130, '3', '59.9', 79, 1750);
INSERT INTO `ori_orderdetail` VALUES (131, '5', '27.9', 84, 1751);
INSERT INTO `ori_orderdetail` VALUES (132, '1', '19.9', 68, 1752);
INSERT INTO `ori_orderdetail` VALUES (133, '2', '68.9', 18, 1753);
INSERT INTO `ori_orderdetail` VALUES (134, '4', '109', 77, 1754);
INSERT INTO `ori_orderdetail` VALUES (135, '3', '59.9', 15, 1755);
INSERT INTO `ori_orderdetail` VALUES (136, '6', '49.9', 48, 1756);
INSERT INTO `ori_orderdetail` VALUES (137, '2', '68.9', 18, 1757);
INSERT INTO `ori_orderdetail` VALUES (138, '1', '19.9', 48, 1758);
INSERT INTO `ori_orderdetail` VALUES (139, '5', '27.9', 46, 1759);
INSERT INTO `ori_orderdetail` VALUES (140, '4', '109', 16, 1760);
INSERT INTO `ori_orderdetail` VALUES (141, '4', '109', 16, 1761);
INSERT INTO `ori_orderdetail` VALUES (142, '6', '49.9', 104, 1762);
INSERT INTO `ori_orderdetail` VALUES (143, '4', '109', 16, 1763);
INSERT INTO `ori_orderdetail` VALUES (144, '2', '68.9', 95, 1764);
INSERT INTO `ori_orderdetail` VALUES (145, '3', '59.9', 6, 1765);
INSERT INTO `ori_orderdetail` VALUES (146, '6', '49.9', 36, 1766);
INSERT INTO `ori_orderdetail` VALUES (147, '5', '27.9', 31, 1767);
INSERT INTO `ori_orderdetail` VALUES (148, '4', '109', 34, 1768);
INSERT INTO `ori_orderdetail` VALUES (149, '5', '27.9', 31, 1769);
INSERT INTO `ori_orderdetail` VALUES (150, '3', '59.9', 6, 1770);
INSERT INTO `ori_orderdetail` VALUES (151, '6', '49.9', 49, 1771);
INSERT INTO `ori_orderdetail` VALUES (152, '1', '19.9', 46, 1772);
INSERT INTO `ori_orderdetail` VALUES (153, '1', '19.9', 46, 1773);
INSERT INTO `ori_orderdetail` VALUES (154, '5', '27.9', 29, 1774);
INSERT INTO `ori_orderdetail` VALUES (155, '6', '49.9', 49, 1775);
INSERT INTO `ori_orderdetail` VALUES (156, '4', '109', 21, 1776);
INSERT INTO `ori_orderdetail` VALUES (157, '1', '19.9', 23, 1777);
INSERT INTO `ori_orderdetail` VALUES (158, '2', '68.9', 78, 1778);
INSERT INTO `ori_orderdetail` VALUES (159, '6', '49.9', 59, 1779);
INSERT INTO `ori_orderdetail` VALUES (160, '3', '59.9', 75, 1780);
INSERT INTO `ori_orderdetail` VALUES (161, '2', '68.9', 78, 1781);
INSERT INTO `ori_orderdetail` VALUES (162, '4', '109', 21, 1782);
INSERT INTO `ori_orderdetail` VALUES (163, '1', '19.9', 84, 1783);
INSERT INTO `ori_orderdetail` VALUES (164, '2', '68.9', 88, 1784);
INSERT INTO `ori_orderdetail` VALUES (165, '2', '68.9', 88, 1785);
INSERT INTO `ori_orderdetail` VALUES (166, '6', '49.9', 91, 1786);
INSERT INTO `ori_orderdetail` VALUES (167, '1', '19.9', 84, 1787);
INSERT INTO `ori_orderdetail` VALUES (168, '1', '19.9', 84, 1788);
INSERT INTO `ori_orderdetail` VALUES (169, '1', '19.9', 88, 1789);
INSERT INTO `ori_orderdetail` VALUES (170, '1', '19.9', 88, 1790);
INSERT INTO `ori_orderdetail` VALUES (171, '1', '19.9', 88, 1791);
INSERT INTO `ori_orderdetail` VALUES (172, '2', '68.9', 24, 1792);
INSERT INTO `ori_orderdetail` VALUES (173, '1', '19.9', 88, 1793);
INSERT INTO `ori_orderdetail` VALUES (174, '2', '68.9', 24, 1794);
INSERT INTO `ori_orderdetail` VALUES (175, '6', '49.9', 67, 1795);
INSERT INTO `ori_orderdetail` VALUES (176, '1', '19.9', 56, 1796);
INSERT INTO `ori_orderdetail` VALUES (177, '5', '27.9', 9, 1797);
INSERT INTO `ori_orderdetail` VALUES (178, '4', '109', 14, 1798);
INSERT INTO `ori_orderdetail` VALUES (179, '1', '19.9', 56, 1799);
INSERT INTO `ori_orderdetail` VALUES (180, '1', '19.9', 56, 1800);
INSERT INTO `ori_orderdetail` VALUES (181, '5', '27.9', 96, 1801);
INSERT INTO `ori_orderdetail` VALUES (182, '6', '49.9', 7, 1802);
INSERT INTO `ori_orderdetail` VALUES (183, '5', '27.9', 96, 1803);
INSERT INTO `ori_orderdetail` VALUES (184, '6', '49.9', 7, 1804);
INSERT INTO `ori_orderdetail` VALUES (185, '5', '27.9', 96, 1805);
INSERT INTO `ori_orderdetail` VALUES (186, '2', '68.9', 55, 1806);
INSERT INTO `ori_orderdetail` VALUES (187, '5', '27.9', 38, 1807);
INSERT INTO `ori_orderdetail` VALUES (188, '3', '59.9', 82, 1808);
INSERT INTO `ori_orderdetail` VALUES (189, '2', '68.9', 40, 1809);
INSERT INTO `ori_orderdetail` VALUES (190, '5', '27.9', 38, 1810);
INSERT INTO `ori_orderdetail` VALUES (191, '5', '27.9', 38, 1811);
INSERT INTO `ori_orderdetail` VALUES (192, '5', '27.9', 38, 1812);
INSERT INTO `ori_orderdetail` VALUES (193, '3', '59.9', 100, 1813);
INSERT INTO `ori_orderdetail` VALUES (194, '6', '49.9', 53, 1814);
INSERT INTO `ori_orderdetail` VALUES (195, '5', '27.9', 100, 1815);
INSERT INTO `ori_orderdetail` VALUES (196, '6', '49.9', 53, 1816);
INSERT INTO `ori_orderdetail` VALUES (197, '1', '19.9', 67, 1817);
INSERT INTO `ori_orderdetail` VALUES (198, '5', '27.9', 100, 1818);
INSERT INTO `ori_orderdetail` VALUES (199, '5', '27.9', 33, 1819);
INSERT INTO `ori_orderdetail` VALUES (200, '6', '49.9', 99, 1820);
INSERT INTO `ori_orderdetail` VALUES (201, '2', '68.9', 47, 1821);
INSERT INTO `ori_orderdetail` VALUES (202, '3', '59.9', 76, 1822);
INSERT INTO `ori_orderdetail` VALUES (203, '6', '49.9', 99, 1823);
INSERT INTO `ori_orderdetail` VALUES (204, '1', '19.9', 68, 1824);
INSERT INTO `ori_orderdetail` VALUES (205, '1', '19.9', 69, 1825);
INSERT INTO `ori_orderdetail` VALUES (206, '5', '27.9', 28, 1826);
INSERT INTO `ori_orderdetail` VALUES (207, '1', '19.9', 69, 1827);
INSERT INTO `ori_orderdetail` VALUES (208, '4', '109', 94, 1828);
INSERT INTO `ori_orderdetail` VALUES (209, '3', '59.9', 22, 1829);
INSERT INTO `ori_orderdetail` VALUES (210, '6', '49.9', 90, 1830);
INSERT INTO `ori_orderdetail` VALUES (211, '4', '109', 68, 1831);
INSERT INTO `ori_orderdetail` VALUES (212, '5', '27.9', 87, 1832);
INSERT INTO `ori_orderdetail` VALUES (213, '6', '49.9', 26, 1833);
INSERT INTO `ori_orderdetail` VALUES (214, '3', '59.9', 58, 1834);
INSERT INTO `ori_orderdetail` VALUES (215, '4', '109', 68, 1835);
INSERT INTO `ori_orderdetail` VALUES (216, '3', '59.9', 58, 1836);
INSERT INTO `ori_orderdetail` VALUES (217, '1', '19.9', 49, 1837);
INSERT INTO `ori_orderdetail` VALUES (218, '2', '68.9', 18, 1838);
INSERT INTO `ori_orderdetail` VALUES (219, '2', '68.9', 18, 1839);
INSERT INTO `ori_orderdetail` VALUES (220, '6', '49.9', 51, 1840);
INSERT INTO `ori_orderdetail` VALUES (221, '1', '19.9', 49, 1841);
INSERT INTO `ori_orderdetail` VALUES (222, '3', '59.9', 7, 1842);
INSERT INTO `ori_orderdetail` VALUES (223, '6', '49.9', 74, 1843);
INSERT INTO `ori_orderdetail` VALUES (224, '4', '109', 85, 1844);
INSERT INTO `ori_orderdetail` VALUES (225, '1', '19.9', 84, 1845);
INSERT INTO `ori_orderdetail` VALUES (226, '6', '49.9', 74, 1846);
INSERT INTO `ori_orderdetail` VALUES (227, '5', '27.9', 75, 1847);
INSERT INTO `ori_orderdetail` VALUES (228, '4', '109', 85, 1848);
INSERT INTO `ori_orderdetail` VALUES (229, '5', '27.9', 94, 1849);
INSERT INTO `ori_orderdetail` VALUES (230, '3', '59.9', 6, 1850);
INSERT INTO `ori_orderdetail` VALUES (231, '1', '19.9', 88, 1851);
INSERT INTO `ori_orderdetail` VALUES (232, '2', '68.9', 58, 1852);
INSERT INTO `ori_orderdetail` VALUES (233, '2', '68.9', 58, 1853);
INSERT INTO `ori_orderdetail` VALUES (234, '6', '49.9', 43, 1854);
INSERT INTO `ori_orderdetail` VALUES (235, '5', '27.9', 97, 1855);
INSERT INTO `ori_orderdetail` VALUES (236, '6', '49.9', 49, 1856);
INSERT INTO `ori_orderdetail` VALUES (237, '1', '19.9', 73, 1857);
INSERT INTO `ori_orderdetail` VALUES (238, '6', '49.9', 49, 1858);
INSERT INTO `ori_orderdetail` VALUES (239, '3', '59.9', 41, 1859);
INSERT INTO `ori_orderdetail` VALUES (240, '3', '59.9', 41, 1860);
INSERT INTO `ori_orderdetail` VALUES (241, '1', '19.9', 78, 1861);
INSERT INTO `ori_orderdetail` VALUES (242, '2', '68.9', 27, 1862);
INSERT INTO `ori_orderdetail` VALUES (243, '2', '68.9', 27, 1863);
INSERT INTO `ori_orderdetail` VALUES (244, '3', '59.9', 60, 1864);
INSERT INTO `ori_orderdetail` VALUES (245, '5', '27.9', 82, 1865);
INSERT INTO `ori_orderdetail` VALUES (246, '5', '27.9', 82, 1866);
INSERT INTO `ori_orderdetail` VALUES (247, '2', '68.9', 21, 1867);
INSERT INTO `ori_orderdetail` VALUES (248, '3', '59.9', 38, 1868);
INSERT INTO `ori_orderdetail` VALUES (249, '6', '49.9', 38, 1869);
INSERT INTO `ori_orderdetail` VALUES (250, '5', '27.9', 54, 1870);
INSERT INTO `ori_orderdetail` VALUES (251, '1', '19.9', 93, 1871);
INSERT INTO `ori_orderdetail` VALUES (252, '6', '49.9', 38, 1872);
INSERT INTO `ori_orderdetail` VALUES (253, '4', '109', 9, 1873);
INSERT INTO `ori_orderdetail` VALUES (254, '4', '109', 9, 1874);
INSERT INTO `ori_orderdetail` VALUES (255, '2', '68.9', 39, 1875);
INSERT INTO `ori_orderdetail` VALUES (256, '1', '19.9', 61, 1876);
INSERT INTO `ori_orderdetail` VALUES (257, '4', '109', 9, 1877);
INSERT INTO `ori_orderdetail` VALUES (258, '5', '27.9', 42, 1878);
INSERT INTO `ori_orderdetail` VALUES (259, '3', '59.9', 40, 1879);
INSERT INTO `ori_orderdetail` VALUES (260, '3', '59.9', 40, 1880);
INSERT INTO `ori_orderdetail` VALUES (261, '2', '68.9', 70, 1881);
INSERT INTO `ori_orderdetail` VALUES (262, '6', '49.9', 59, 1882);
INSERT INTO `ori_orderdetail` VALUES (263, '1', '19.9', 65, 1883);
INSERT INTO `ori_orderdetail` VALUES (264, '1', '19.9', 65, 1884);
INSERT INTO `ori_orderdetail` VALUES (265, '6', '49.9', 33, 1885);
INSERT INTO `ori_orderdetail` VALUES (266, '2', '68.9', 61, 1886);
INSERT INTO `ori_orderdetail` VALUES (267, '2', '68.9', 61, 1887);
INSERT INTO `ori_orderdetail` VALUES (268, '3', '59.9', 25, 1888);
INSERT INTO `ori_orderdetail` VALUES (269, '5', '27.9', 83, 1889);
INSERT INTO `ori_orderdetail` VALUES (270, '2', '68.9', 61, 1890);
INSERT INTO `ori_orderdetail` VALUES (271, '1', '19.9', 69, 1891);
INSERT INTO `ori_orderdetail` VALUES (272, '4', '109', 57, 1892);
INSERT INTO `ori_orderdetail` VALUES (273, '6', '49.9', 7, 1893);
INSERT INTO `ori_orderdetail` VALUES (274, '3', '59.9', 43, 1894);
INSERT INTO `ori_orderdetail` VALUES (275, '6', '49.9', 7, 1895);
INSERT INTO `ori_orderdetail` VALUES (276, '4', '109', 57, 1896);
INSERT INTO `ori_orderdetail` VALUES (277, '6', '49.9', 78, 1897);
INSERT INTO `ori_orderdetail` VALUES (278, '1', '19.9', 89, 1898);
INSERT INTO `ori_orderdetail` VALUES (279, '2', '68.9', 87, 1899);
INSERT INTO `ori_orderdetail` VALUES (280, '6', '49.9', 78, 1900);
INSERT INTO `ori_orderdetail` VALUES (281, '1', '19.9', 89, 1901);
INSERT INTO `ori_orderdetail` VALUES (282, '2', '68.9', 87, 1902);
INSERT INTO `ori_orderdetail` VALUES (283, '4', '109', 47, 1903);
INSERT INTO `ori_orderdetail` VALUES (284, '3', '59.9', 101, 1904);
INSERT INTO `ori_orderdetail` VALUES (285, '6', '49.9', 64, 1905);
INSERT INTO `ori_orderdetail` VALUES (286, '4', '109', 47, 1906);
INSERT INTO `ori_orderdetail` VALUES (287, '1', '19.9', 8, 1907);
INSERT INTO `ori_orderdetail` VALUES (288, '1', '19.9', 8, 1908);
INSERT INTO `ori_orderdetail` VALUES (289, '1', '19.9', 91, 1909);
INSERT INTO `ori_orderdetail` VALUES (290, '6', '49.9', 15, 1910);
INSERT INTO `ori_orderdetail` VALUES (291, '6', '49.9', 15, 1911);
INSERT INTO `ori_orderdetail` VALUES (292, '5', '27.9', 84, 1912);
INSERT INTO `ori_orderdetail` VALUES (293, '1', '19.9', 91, 1913);
INSERT INTO `ori_orderdetail` VALUES (294, '1', '19.9', 91, 1914);
INSERT INTO `ori_orderdetail` VALUES (295, '1', '19.9', 48, 1915);
INSERT INTO `ori_orderdetail` VALUES (296, '2', '68.9', 21, 1916);
INSERT INTO `ori_orderdetail` VALUES (297, '1', '19.9', 48, 1917);
INSERT INTO `ori_orderdetail` VALUES (298, '6', '49.9', 25, 1918);
INSERT INTO `ori_orderdetail` VALUES (299, '6', '49.9', 25, 1919);
INSERT INTO `ori_orderdetail` VALUES (300, '5', '27.9', 81, 1920);
INSERT INTO `ori_orderdetail` VALUES (301, '3', '59.9', 26, 1921);
INSERT INTO `ori_orderdetail` VALUES (302, '3', '59.9', 26, 1922);
INSERT INTO `ori_orderdetail` VALUES (303, '4', '109', 47, 1923);
INSERT INTO `ori_orderdetail` VALUES (304, '3', '59.9', 26, 1924);
INSERT INTO `ori_orderdetail` VALUES (305, '2', '68.9', 80, 1925);
INSERT INTO `ori_orderdetail` VALUES (306, '4', '109', 47, 1926);
INSERT INTO `ori_orderdetail` VALUES (307, '6', '49.9', 59, 1927);
INSERT INTO `ori_orderdetail` VALUES (308, '6', '49.9', 59, 1928);
INSERT INTO `ori_orderdetail` VALUES (309, '3', '59.9', 51, 1929);
INSERT INTO `ori_orderdetail` VALUES (310, '1', '19.9', 74, 1930);
INSERT INTO `ori_orderdetail` VALUES (311, '3', '59.9', 51, 1931);
INSERT INTO `ori_orderdetail` VALUES (312, '3', '59.9', 51, 1932);
INSERT INTO `ori_orderdetail` VALUES (313, '3', '59.9', 12, 1933);
INSERT INTO `ori_orderdetail` VALUES (314, '4', '109', 85, 1934);
INSERT INTO `ori_orderdetail` VALUES (315, '4', '109', 85, 1935);
INSERT INTO `ori_orderdetail` VALUES (316, '4', '109', 85, 1936);
INSERT INTO `ori_orderdetail` VALUES (317, '2', '68.9', 65, 1937);
INSERT INTO `ori_orderdetail` VALUES (318, '4', '109', 85, 1938);
INSERT INTO `ori_orderdetail` VALUES (319, '2', '68.9', 56, 1939);
INSERT INTO `ori_orderdetail` VALUES (320, '5', '27.9', 65, 1940);
INSERT INTO `ori_orderdetail` VALUES (321, '6', '49.9', 6, 1941);
INSERT INTO `ori_orderdetail` VALUES (322, '3', '59.9', 39, 1942);
INSERT INTO `ori_orderdetail` VALUES (323, '6', '49.9', 6, 1943);
INSERT INTO `ori_orderdetail` VALUES (324, '6', '49.9', 6, 1944);
INSERT INTO `ori_orderdetail` VALUES (325, '2', '68.9', 60, 1945);
INSERT INTO `ori_orderdetail` VALUES (326, '4', '109', 11, 1946);
INSERT INTO `ori_orderdetail` VALUES (327, '1', '19.9', 84, 1947);
INSERT INTO `ori_orderdetail` VALUES (328, '5', '27.9', 30, 1948);
INSERT INTO `ori_orderdetail` VALUES (329, '1', '19.9', 84, 1949);
INSERT INTO `ori_orderdetail` VALUES (330, '4', '109', 11, 1950);
INSERT INTO `ori_orderdetail` VALUES (331, '3', '59.9', 43, 1951);
INSERT INTO `ori_orderdetail` VALUES (332, '6', '49.9', 9, 1952);
INSERT INTO `ori_orderdetail` VALUES (333, '2', '68.9', 61, 1953);
INSERT INTO `ori_orderdetail` VALUES (334, '4', '109', 46, 1954);
INSERT INTO `ori_orderdetail` VALUES (335, '5', '27.9', 51, 1955);
INSERT INTO `ori_orderdetail` VALUES (336, '1', '19.9', 68, 1956);
INSERT INTO `ori_orderdetail` VALUES (337, '5', '27.9', 47, 1957);
INSERT INTO `ori_orderdetail` VALUES (338, '6', '49.9', 30, 1958);
INSERT INTO `ori_orderdetail` VALUES (339, '5', '27.9', 47, 1959);
INSERT INTO `ori_orderdetail` VALUES (340, '6', '49.9', 30, 1960);
INSERT INTO `ori_orderdetail` VALUES (341, '4', '109', 93, 1961);
INSERT INTO `ori_orderdetail` VALUES (342, '2', '68.9', 42, 1962);
INSERT INTO `ori_orderdetail` VALUES (343, '6', '49.9', 29, 1963);
INSERT INTO `ori_orderdetail` VALUES (344, '5', '27.9', 41, 1964);
INSERT INTO `ori_orderdetail` VALUES (345, '4', '109', 32, 1965);
INSERT INTO `ori_orderdetail` VALUES (346, '2', '68.9', 83, 1966);
INSERT INTO `ori_orderdetail` VALUES (347, '6', '49.9', 29, 1967);
INSERT INTO `ori_orderdetail` VALUES (348, '1', '19.9', 44, 1968);
INSERT INTO `ori_orderdetail` VALUES (349, '3', '59.9', 102, 1969);
INSERT INTO `ori_orderdetail` VALUES (350, '4', '109', 28, 1970);
INSERT INTO `ori_orderdetail` VALUES (351, '6', '49.9', 29, 1971);
INSERT INTO `ori_orderdetail` VALUES (352, '3', '59.9', 102, 1972);
INSERT INTO `ori_orderdetail` VALUES (353, '5', '27.9', 71, 1973);
INSERT INTO `ori_orderdetail` VALUES (354, '4', '109', 28, 1974);
INSERT INTO `ori_orderdetail` VALUES (355, '3', '59.9', 101, 1975);
INSERT INTO `ori_orderdetail` VALUES (356, '3', '59.9', 101, 1976);
INSERT INTO `ori_orderdetail` VALUES (357, '3', '59.9', 101, 1977);
INSERT INTO `ori_orderdetail` VALUES (358, '2', '68.9', 24, 1978);
INSERT INTO `ori_orderdetail` VALUES (359, '4', '109', 51, 1979);
INSERT INTO `ori_orderdetail` VALUES (360, '4', '109', 51, 1980);
INSERT INTO `ori_orderdetail` VALUES (361, '1', '19.9', 43, 1981);
INSERT INTO `ori_orderdetail` VALUES (362, '2', '68.9', 76, 1982);
INSERT INTO `ori_orderdetail` VALUES (363, '1', '19.9', 43, 1983);
INSERT INTO `ori_orderdetail` VALUES (364, '5', '27.9', 47, 1984);
INSERT INTO `ori_orderdetail` VALUES (365, '1', '19.9', 43, 1985);
INSERT INTO `ori_orderdetail` VALUES (366, '6', '49.9', 26, 1986);
INSERT INTO `ori_orderdetail` VALUES (367, '6', '49.9', 75, 1987);
INSERT INTO `ori_orderdetail` VALUES (368, '6', '49.9', 75, 1988);
INSERT INTO `ori_orderdetail` VALUES (369, '6', '49.9', 75, 1989);
INSERT INTO `ori_orderdetail` VALUES (370, '4', '109', 28, 1990);
INSERT INTO `ori_orderdetail` VALUES (371, '1', '19.9', 70, 1991);
INSERT INTO `ori_orderdetail` VALUES (372, '1', '19.9', 70, 1992);
INSERT INTO `ori_orderdetail` VALUES (373, '1', '19.9', 78, 1993);
INSERT INTO `ori_orderdetail` VALUES (374, '3', '59.9', 68, 1994);
INSERT INTO `ori_orderdetail` VALUES (375, '1', '19.9', 78, 1995);
INSERT INTO `ori_orderdetail` VALUES (376, '2', '68.9', 38, 1996);
INSERT INTO `ori_orderdetail` VALUES (377, '5', '27.9', 63, 1997);
INSERT INTO `ori_orderdetail` VALUES (378, '1', '19.9', 78, 1998);
INSERT INTO `ori_orderdetail` VALUES (379, '2', '68.9', 14, 1999);
INSERT INTO `ori_orderdetail` VALUES (380, '6', '49.9', 31, 2000);
INSERT INTO `ori_orderdetail` VALUES (381, '6', '49.9', 31, 2001);
INSERT INTO `ori_orderdetail` VALUES (382, '4', '109', 102, 2002);
INSERT INTO `ori_orderdetail` VALUES (383, '2', '68.9', 14, 2003);
INSERT INTO `ori_orderdetail` VALUES (384, '6', '49.9', 31, 2004);
INSERT INTO `ori_orderdetail` VALUES (385, '4', '109', 55, 2005);
INSERT INTO `ori_orderdetail` VALUES (386, '6', '49.9', 60, 2006);
INSERT INTO `ori_orderdetail` VALUES (387, '2', '68.9', 85, 2007);
INSERT INTO `ori_orderdetail` VALUES (388, '6', '49.9', 60, 2008);
INSERT INTO `ori_orderdetail` VALUES (389, '4', '109', 55, 2009);
INSERT INTO `ori_orderdetail` VALUES (390, '6', '49.9', 60, 2010);
INSERT INTO `ori_orderdetail` VALUES (391, '4', '109', 69, 2011);
INSERT INTO `ori_orderdetail` VALUES (392, '3', '59.9', 47, 2012);
INSERT INTO `ori_orderdetail` VALUES (393, '4', '109', 69, 2013);
INSERT INTO `ori_orderdetail` VALUES (394, '3', '59.9', 47, 2014);
INSERT INTO `ori_orderdetail` VALUES (395, '6', '49.9', 44, 2015);
INSERT INTO `ori_orderdetail` VALUES (396, '6', '49.9', 44, 2016);
INSERT INTO `ori_orderdetail` VALUES (397, '3', '59.9', 65, 2017);
INSERT INTO `ori_orderdetail` VALUES (398, '4', '109', 42, 2018);
INSERT INTO `ori_orderdetail` VALUES (399, '6', '49.9', 28, 2019);
INSERT INTO `ori_orderdetail` VALUES (400, '5', '27.9', 100, 2020);
INSERT INTO `ori_orderdetail` VALUES (401, '3', '59.9', 65, 2021);
INSERT INTO `ori_orderdetail` VALUES (402, '4', '109', 42, 2022);
INSERT INTO `ori_orderdetail` VALUES (403, '2', '68.9', 26, 2023);
INSERT INTO `ori_orderdetail` VALUES (404, '6', '49.9', 81, 2024);
INSERT INTO `ori_orderdetail` VALUES (405, '4', '109', 89, 2025);
INSERT INTO `ori_orderdetail` VALUES (406, '2', '68.9', 26, 2026);
INSERT INTO `ori_orderdetail` VALUES (407, '5', '27.9', 35, 2027);
INSERT INTO `ori_orderdetail` VALUES (408, '6', '49.9', 81, 2028);
INSERT INTO `ori_orderdetail` VALUES (409, '1', '19.9', 10, 2029);
INSERT INTO `ori_orderdetail` VALUES (410, '3', '59.9', 10, 2030);
INSERT INTO `ori_orderdetail` VALUES (411, '3', '59.9', 10, 2031);
INSERT INTO `ori_orderdetail` VALUES (412, '5', '27.9', 27, 2032);
INSERT INTO `ori_orderdetail` VALUES (413, '6', '49.9', 20, 2033);
INSERT INTO `ori_orderdetail` VALUES (414, '6', '49.9', 20, 2034);
INSERT INTO `ori_orderdetail` VALUES (415, '1', '19.9', 77, 2035);
INSERT INTO `ori_orderdetail` VALUES (416, '4', '109', 97, 2036);
INSERT INTO `ori_orderdetail` VALUES (417, '5', '27.9', 66, 2037);
INSERT INTO `ori_orderdetail` VALUES (418, '2', '68.9', 12, 2038);
INSERT INTO `ori_orderdetail` VALUES (419, '1', '19.9', 77, 2039);
INSERT INTO `ori_orderdetail` VALUES (420, '6', '49.9', 57, 2040);
INSERT INTO `ori_orderdetail` VALUES (421, '6', '49.9', 11, 2041);
INSERT INTO `ori_orderdetail` VALUES (422, '2', '68.9', 40, 2042);
INSERT INTO `ori_orderdetail` VALUES (423, '2', '68.9', 40, 2043);
INSERT INTO `ori_orderdetail` VALUES (424, '3', '59.9', 24, 2044);
INSERT INTO `ori_orderdetail` VALUES (425, '1', '19.9', 66, 2045);
INSERT INTO `ori_orderdetail` VALUES (426, '5', '27.9', 98, 2046);
INSERT INTO `ori_orderdetail` VALUES (427, '2', '68.9', 74, 2047);
INSERT INTO `ori_orderdetail` VALUES (428, '4', '109', 22, 2048);
INSERT INTO `ori_orderdetail` VALUES (429, '1', '19.9', 101, 2049);
INSERT INTO `ori_orderdetail` VALUES (430, '3', '59.9', 93, 2050);
INSERT INTO `ori_orderdetail` VALUES (431, '6', '49.9', 82, 2051);
INSERT INTO `ori_orderdetail` VALUES (432, '5', '27.9', 63, 2052);
INSERT INTO `ori_orderdetail` VALUES (433, '2', '68.9', 73, 2053);
INSERT INTO `ori_orderdetail` VALUES (434, '6', '49.9', 58, 2054);
INSERT INTO `ori_orderdetail` VALUES (435, '1', '19.9', 23, 2055);
INSERT INTO `ori_orderdetail` VALUES (436, '4', '109', 88, 2056);
INSERT INTO `ori_orderdetail` VALUES (437, '1', '19.9', 23, 2057);
INSERT INTO `ori_orderdetail` VALUES (438, '6', '49.9', 58, 2058);
INSERT INTO `ori_orderdetail` VALUES (439, '5', '27.9', 33, 2059);
INSERT INTO `ori_orderdetail` VALUES (440, '4', '109', 44, 2060);
INSERT INTO `ori_orderdetail` VALUES (441, '2', '68.9', 75, 2061);
INSERT INTO `ori_orderdetail` VALUES (442, '5', '27.9', 33, 2062);
INSERT INTO `ori_orderdetail` VALUES (443, '5', '27.9', 33, 2063);
INSERT INTO `ori_orderdetail` VALUES (444, '3', '59.9', 82, 2064);
INSERT INTO `ori_orderdetail` VALUES (445, '5', '27.9', 56, 2065);
INSERT INTO `ori_orderdetail` VALUES (446, '3', '59.9', 20, 2066);
INSERT INTO `ori_orderdetail` VALUES (447, '3', '59.9', 20, 2067);
INSERT INTO `ori_orderdetail` VALUES (448, '4', '109', 47, 2068);
INSERT INTO `ori_orderdetail` VALUES (449, '2', '68.9', 64, 2069);
INSERT INTO `ori_orderdetail` VALUES (450, '5', '27.9', 56, 2070);
INSERT INTO `ori_orderdetail` VALUES (451, '5', '27.9', 68, 2071);
INSERT INTO `ori_orderdetail` VALUES (452, '2', '68.9', 100, 2072);
INSERT INTO `ori_orderdetail` VALUES (453, '6', '49.9', 19, 2073);
INSERT INTO `ori_orderdetail` VALUES (454, '4', '109', 57, 2074);
INSERT INTO `ori_orderdetail` VALUES (455, '3', '59.9', 64, 2075);
INSERT INTO `ori_orderdetail` VALUES (456, '6', '49.9', 19, 2076);
INSERT INTO `ori_orderdetail` VALUES (457, '5', '27.9', 39, 2077);
INSERT INTO `ori_orderdetail` VALUES (458, '1', '19.9', 99, 2078);
INSERT INTO `ori_orderdetail` VALUES (459, '5', '27.9', 39, 2079);
INSERT INTO `ori_orderdetail` VALUES (460, '3', '59.9', 21, 2080);
INSERT INTO `ori_orderdetail` VALUES (461, '3', '59.9', 21, 2081);
INSERT INTO `ori_orderdetail` VALUES (462, '2', '68.9', 47, 2082);
INSERT INTO `ori_orderdetail` VALUES (463, '1', '19.9', 30, 2083);
INSERT INTO `ori_orderdetail` VALUES (464, '1', '19.9', 30, 2084);
INSERT INTO `ori_orderdetail` VALUES (465, '3', '59.9', 96, 2085);
INSERT INTO `ori_orderdetail` VALUES (466, '5', '27.9', 66, 2086);
INSERT INTO `ori_orderdetail` VALUES (467, '5', '27.9', 66, 2087);
INSERT INTO `ori_orderdetail` VALUES (468, '2', '68.9', 39, 2088);
INSERT INTO `ori_orderdetail` VALUES (469, '6', '49.9', 29, 2089);
INSERT INTO `ori_orderdetail` VALUES (470, '6', '49.9', 29, 2090);
INSERT INTO `ori_orderdetail` VALUES (471, '1', '19.9', 66, 2091);
INSERT INTO `ori_orderdetail` VALUES (472, '5', '27.9', 47, 2092);
INSERT INTO `ori_orderdetail` VALUES (473, '2', '68.9', 81, 2093);
INSERT INTO `ori_orderdetail` VALUES (474, '5', '27.9', 47, 2094);
INSERT INTO `ori_orderdetail` VALUES (475, '6', '49.9', 102, 2095);
INSERT INTO `ori_orderdetail` VALUES (476, '4', '109', 80, 2096);
INSERT INTO `ori_orderdetail` VALUES (477, '6', '49.9', 102, 2097);
INSERT INTO `ori_orderdetail` VALUES (478, '5', '27.9', 95, 2098);
INSERT INTO `ori_orderdetail` VALUES (479, '3', '59.9', 48, 2099);
INSERT INTO `ori_orderdetail` VALUES (480, '5', '27.9', 95, 2100);
INSERT INTO `ori_orderdetail` VALUES (481, '1', '19.9', 13, 2101);
INSERT INTO `ori_orderdetail` VALUES (482, '2', '68.9', 86, 2102);
INSERT INTO `ori_orderdetail` VALUES (483, '6', '49.9', 86, 2103);
INSERT INTO `ori_orderdetail` VALUES (484, '1', '19.9', 13, 2104);
INSERT INTO `ori_orderdetail` VALUES (485, '5', '27.9', 69, 2105);
INSERT INTO `ori_orderdetail` VALUES (486, '1', '19.9', 13, 2106);
INSERT INTO `ori_orderdetail` VALUES (487, '4', '109', 79, 2107);
INSERT INTO `ori_orderdetail` VALUES (488, '4', '109', 79, 2108);
INSERT INTO `ori_orderdetail` VALUES (489, '5', '27.9', 77, 2109);
INSERT INTO `ori_orderdetail` VALUES (490, '4', '109', 79, 2110);
INSERT INTO `ori_orderdetail` VALUES (491, '5', '27.9', 77, 2111);
INSERT INTO `ori_orderdetail` VALUES (492, '5', '27.9', 77, 2112);
INSERT INTO `ori_orderdetail` VALUES (493, '4', '109', 25, 2113);
INSERT INTO `ori_orderdetail` VALUES (494, '6', '49.9', 92, 2114);
INSERT INTO `ori_orderdetail` VALUES (495, '6', '49.9', 92, 2115);
INSERT INTO `ori_orderdetail` VALUES (496, '1', '19.9', 47, 2116);
INSERT INTO `ori_orderdetail` VALUES (497, '3', '59.9', 69, 2117);
INSERT INTO `ori_orderdetail` VALUES (498, '4', '109', 25, 2118);
INSERT INTO `ori_orderdetail` VALUES (499, '2', '68.9', 78, 2119);
INSERT INTO `ori_orderdetail` VALUES (500, '3', '59.9', 41, 2120);
INSERT INTO `ori_orderdetail` VALUES (501, '4', '109', 75, 2121);
INSERT INTO `ori_orderdetail` VALUES (502, '3', '59.9', 41, 2122);
INSERT INTO `ori_orderdetail` VALUES (503, '1', '19.9', 40, 2123);
INSERT INTO `ori_orderdetail` VALUES (504, '5', '27.9', 56, 2124);
INSERT INTO `ori_orderdetail` VALUES (505, '3', '59.9', 71, 2125);
INSERT INTO `ori_orderdetail` VALUES (506, '6', '49.9', 76, 2126);
INSERT INTO `ori_orderdetail` VALUES (507, '5', '27.9', 23, 2127);
INSERT INTO `ori_orderdetail` VALUES (508, '2', '68.9', 49, 2128);
INSERT INTO `ori_orderdetail` VALUES (509, '6', '49.9', 76, 2129);
INSERT INTO `ori_orderdetail` VALUES (510, '3', '59.9', 71, 2130);
INSERT INTO `ori_orderdetail` VALUES (511, '5', '27.9', 58, 2131);
INSERT INTO `ori_orderdetail` VALUES (512, '5', '27.9', 58, 2132);
INSERT INTO `ori_orderdetail` VALUES (513, '2', '68.9', 89, 2133);
INSERT INTO `ori_orderdetail` VALUES (514, '2', '68.9', 89, 2134);
INSERT INTO `ori_orderdetail` VALUES (515, '1', '19.9', 40, 2135);
INSERT INTO `ori_orderdetail` VALUES (516, '5', '27.9', 58, 2136);
INSERT INTO `ori_orderdetail` VALUES (517, '3', '59.9', 72, 2137);
INSERT INTO `ori_orderdetail` VALUES (518, '4', '109', 103, 2138);
INSERT INTO `ori_orderdetail` VALUES (519, '1', '19.9', 73, 2139);
INSERT INTO `ori_orderdetail` VALUES (520, '2', '68.9', 67, 2140);
INSERT INTO `ori_orderdetail` VALUES (521, '3', '59.9', 72, 2141);
INSERT INTO `ori_orderdetail` VALUES (522, '4', '109', 103, 2142);
INSERT INTO `ori_orderdetail` VALUES (523, '2', '68.9', 56, 2143);
INSERT INTO `ori_orderdetail` VALUES (524, '3', '59.9', 9, 2144);
INSERT INTO `ori_orderdetail` VALUES (525, '1', '19.9', 22, 2145);
INSERT INTO `ori_orderdetail` VALUES (526, '5', '27.9', 66, 2146);
INSERT INTO `ori_orderdetail` VALUES (527, '5', '27.9', 66, 2147);
INSERT INTO `ori_orderdetail` VALUES (528, '6', '49.9', 73, 2148);
INSERT INTO `ori_orderdetail` VALUES (529, '3', '59.9', 47, 2149);
INSERT INTO `ori_orderdetail` VALUES (530, '3', '59.9', 47, 2150);
INSERT INTO `ori_orderdetail` VALUES (531, '2', '68.9', 69, 2151);
INSERT INTO `ori_orderdetail` VALUES (532, '2', '68.9', 69, 2152);
INSERT INTO `ori_orderdetail` VALUES (533, '3', '59.9', 47, 2153);
INSERT INTO `ori_orderdetail` VALUES (534, '3', '59.9', 47, 2154);
INSERT INTO `ori_orderdetail` VALUES (535, '4', '109', 44, 2155);
INSERT INTO `ori_orderdetail` VALUES (536, '2', '68.9', 71, 2156);
INSERT INTO `ori_orderdetail` VALUES (537, '1', '19.9', 85, 2157);
INSERT INTO `ori_orderdetail` VALUES (538, '1', '19.9', 85, 2158);
INSERT INTO `ori_orderdetail` VALUES (539, '4', '109', 44, 2159);
INSERT INTO `ori_orderdetail` VALUES (540, '6', '49.9', 41, 2160);
INSERT INTO `ori_orderdetail` VALUES (1, '3', '59.9', 67, 2161);
INSERT INTO `ori_orderdetail` VALUES (2, '3', '59.9', 67, 2162);
INSERT INTO `ori_orderdetail` VALUES (3, '5', '27.9', 56, 2163);
INSERT INTO `ori_orderdetail` VALUES (4, '6', '49.9', 60, 2164);
INSERT INTO `ori_orderdetail` VALUES (5, '2', '68.9', 74, 2165);
INSERT INTO `ori_orderdetail` VALUES (6, '6', '49.9', 60, 2166);
INSERT INTO `ori_orderdetail` VALUES (7, '5', '27.9', 48, 2167);
INSERT INTO `ori_orderdetail` VALUES (8, '4', '109', 50, 2168);
INSERT INTO `ori_orderdetail` VALUES (9, '1', '19.9', 102, 2169);
INSERT INTO `ori_orderdetail` VALUES (10, '4', '109', 50, 2170);
INSERT INTO `ori_orderdetail` VALUES (11, '6', '49.9', 58, 2171);
INSERT INTO `ori_orderdetail` VALUES (12, '2', '68.9', 104, 2172);
INSERT INTO `ori_orderdetail` VALUES (13, '4', '109', 6, 2173);
INSERT INTO `ori_orderdetail` VALUES (14, '1', '19.9', 21, 2174);
INSERT INTO `ori_orderdetail` VALUES (15, '1', '19.9', 21, 2175);
INSERT INTO `ori_orderdetail` VALUES (16, '4', '109', 6, 2176);
INSERT INTO `ori_orderdetail` VALUES (17, '5', '27.9', 98, 2177);
INSERT INTO `ori_orderdetail` VALUES (18, '6', '49.9', 70, 2178);
INSERT INTO `ori_orderdetail` VALUES (19, '3', '59.9', 93, 2179);
INSERT INTO `ori_orderdetail` VALUES (20, '2', '68.9', 101, 2180);
INSERT INTO `ori_orderdetail` VALUES (21, '3', '59.9', 93, 2181);
INSERT INTO `ori_orderdetail` VALUES (22, '4', '109', 41, 2182);
INSERT INTO `ori_orderdetail` VALUES (23, '1', '19.9', 91, 2183);
INSERT INTO `ori_orderdetail` VALUES (24, '4', '109', 41, 2184);
INSERT INTO `ori_orderdetail` VALUES (25, '3', '59.9', 90, 2185);
INSERT INTO `ori_orderdetail` VALUES (26, '5', '27.9', 51, 2186);
INSERT INTO `ori_orderdetail` VALUES (27, '1', '19.9', 26, 2187);
INSERT INTO `ori_orderdetail` VALUES (28, '2', '68.9', 74, 2188);
INSERT INTO `ori_orderdetail` VALUES (29, '3', '59.9', 90, 2189);
INSERT INTO `ori_orderdetail` VALUES (30, '3', '59.9', 90, 2190);
INSERT INTO `ori_orderdetail` VALUES (31, '5', '27.9', 96, 2191);
INSERT INTO `ori_orderdetail` VALUES (32, '2', '68.9', 68, 2192);
INSERT INTO `ori_orderdetail` VALUES (33, '2', '68.9', 68, 2193);
INSERT INTO `ori_orderdetail` VALUES (34, '4', '109', 99, 2194);
INSERT INTO `ori_orderdetail` VALUES (35, '5', '27.9', 96, 2195);
INSERT INTO `ori_orderdetail` VALUES (36, '1', '19.9', 71, 2196);
INSERT INTO `ori_orderdetail` VALUES (37, '2', '68.9', 37, 2197);
INSERT INTO `ori_orderdetail` VALUES (38, '6', '49.9', 25, 2198);
INSERT INTO `ori_orderdetail` VALUES (39, '3', '59.9', 90, 2199);
INSERT INTO `ori_orderdetail` VALUES (40, '2', '68.9', 37, 2200);
INSERT INTO `ori_orderdetail` VALUES (41, '1', '19.9', 47, 2201);
INSERT INTO `ori_orderdetail` VALUES (42, '6', '49.9', 25, 2202);
INSERT INTO `ori_orderdetail` VALUES (43, '6', '49.9', 75, 2203);
INSERT INTO `ori_orderdetail` VALUES (44, '5', '27.9', 7, 2204);
INSERT INTO `ori_orderdetail` VALUES (45, '6', '49.9', 75, 2205);
INSERT INTO `ori_orderdetail` VALUES (46, '6', '49.9', 75, 2206);
INSERT INTO `ori_orderdetail` VALUES (47, '1', '19.9', 37, 2207);
INSERT INTO `ori_orderdetail` VALUES (48, '5', '27.9', 7, 2208);
INSERT INTO `ori_orderdetail` VALUES (49, '2', '68.9', 24, 2209);
INSERT INTO `ori_orderdetail` VALUES (50, '2', '68.9', 24, 2210);
INSERT INTO `ori_orderdetail` VALUES (51, '6', '49.9', 67, 2211);
INSERT INTO `ori_orderdetail` VALUES (52, '4', '109', 24, 2212);
INSERT INTO `ori_orderdetail` VALUES (53, '3', '59.9', 73, 2213);
INSERT INTO `ori_orderdetail` VALUES (54, '4', '109', 24, 2214);
INSERT INTO `ori_orderdetail` VALUES (55, '3', '59.9', 65, 2215);
INSERT INTO `ori_orderdetail` VALUES (56, '3', '59.9', 65, 2216);
INSERT INTO `ori_orderdetail` VALUES (57, '1', '19.9', 104, 2217);
INSERT INTO `ori_orderdetail` VALUES (58, '6', '49.9', 41, 2218);
INSERT INTO `ori_orderdetail` VALUES (59, '5', '27.9', 51, 2219);
INSERT INTO `ori_orderdetail` VALUES (60, '1', '19.9', 104, 2220);
INSERT INTO `ori_orderdetail` VALUES (61, '5', '27.9', 45, 2221);
INSERT INTO `ori_orderdetail` VALUES (62, '6', '49.9', 86, 2222);
INSERT INTO `ori_orderdetail` VALUES (63, '1', '19.9', 89, 2223);
INSERT INTO `ori_orderdetail` VALUES (64, '1', '19.9', 89, 2224);
INSERT INTO `ori_orderdetail` VALUES (65, '3', '59.9', 87, 2225);
INSERT INTO `ori_orderdetail` VALUES (66, '3', '59.9', 87, 2226);
INSERT INTO `ori_orderdetail` VALUES (67, '2', '68.9', 44, 2227);
INSERT INTO `ori_orderdetail` VALUES (68, '3', '59.9', 62, 2228);
INSERT INTO `ori_orderdetail` VALUES (69, '3', '59.9', 62, 2229);
INSERT INTO `ori_orderdetail` VALUES (70, '3', '59.9', 62, 2230);
INSERT INTO `ori_orderdetail` VALUES (71, '5', '27.9', 8, 2231);
INSERT INTO `ori_orderdetail` VALUES (72, '1', '19.9', 31, 2232);
INSERT INTO `ori_orderdetail` VALUES (73, '4', '109', 76, 2233);
INSERT INTO `ori_orderdetail` VALUES (74, '2', '68.9', 94, 2234);
INSERT INTO `ori_orderdetail` VALUES (75, '5', '27.9', 71, 2235);
INSERT INTO `ori_orderdetail` VALUES (76, '3', '59.9', 84, 2236);
INSERT INTO `ori_orderdetail` VALUES (77, '3', '59.9', 84, 2237);
INSERT INTO `ori_orderdetail` VALUES (78, '1', '19.9', 99, 2238);
INSERT INTO `ori_orderdetail` VALUES (79, '5', '27.9', 33, 2239);
INSERT INTO `ori_orderdetail` VALUES (80, '2', '68.9', 61, 2240);
INSERT INTO `ori_orderdetail` VALUES (81, '4', '109', 101, 2241);
INSERT INTO `ori_orderdetail` VALUES (82, '4', '109', 101, 2242);
INSERT INTO `ori_orderdetail` VALUES (83, '2', '68.9', 61, 2243);
INSERT INTO `ori_orderdetail` VALUES (84, '1', '19.9', 68, 2244);
INSERT INTO `ori_orderdetail` VALUES (85, '6', '49.9', 78, 2245);
INSERT INTO `ori_orderdetail` VALUES (86, '2', '68.9', 47, 2246);
INSERT INTO `ori_orderdetail` VALUES (87, '5', '27.9', 8, 2247);
INSERT INTO `ori_orderdetail` VALUES (88, '6', '49.9', 78, 2248);
INSERT INTO `ori_orderdetail` VALUES (89, '5', '27.9', 8, 2249);
INSERT INTO `ori_orderdetail` VALUES (90, '1', '19.9', 21, 2250);
INSERT INTO `ori_orderdetail` VALUES (91, '2', '68.9', 31, 2251);
INSERT INTO `ori_orderdetail` VALUES (92, '4', '109', 78, 2252);
INSERT INTO `ori_orderdetail` VALUES (93, '2', '68.9', 31, 2253);
INSERT INTO `ori_orderdetail` VALUES (94, '5', '27.9', 39, 2254);
INSERT INTO `ori_orderdetail` VALUES (95, '3', '59.9', 55, 2255);
INSERT INTO `ori_orderdetail` VALUES (96, '4', '109', 78, 2256);
INSERT INTO `ori_orderdetail` VALUES (97, '6', '49.9', 59, 2257);
INSERT INTO `ori_orderdetail` VALUES (98, '5', '27.9', 52, 2258);
INSERT INTO `ori_orderdetail` VALUES (99, '3', '59.9', 93, 2259);
INSERT INTO `ori_orderdetail` VALUES (100, '5', '27.9', 52, 2260);
INSERT INTO `ori_orderdetail` VALUES (101, '6', '49.9', 59, 2261);
INSERT INTO `ori_orderdetail` VALUES (102, '6', '49.9', 59, 2262);
INSERT INTO `ori_orderdetail` VALUES (103, '1', '19.9', 55, 2263);
INSERT INTO `ori_orderdetail` VALUES (104, '6', '49.9', 45, 2264);
INSERT INTO `ori_orderdetail` VALUES (105, '3', '59.9', 13, 2265);
INSERT INTO `ori_orderdetail` VALUES (106, '5', '27.9', 69, 2266);
INSERT INTO `ori_orderdetail` VALUES (107, '2', '68.9', 23, 2267);
INSERT INTO `ori_orderdetail` VALUES (108, '5', '27.9', 69, 2268);
INSERT INTO `ori_orderdetail` VALUES (109, '6', '49.9', 12, 2269);
INSERT INTO `ori_orderdetail` VALUES (110, '4', '109', 101, 2270);
INSERT INTO `ori_orderdetail` VALUES (111, '2', '68.9', 105, 2271);
INSERT INTO `ori_orderdetail` VALUES (112, '2', '68.9', 105, 2272);
INSERT INTO `ori_orderdetail` VALUES (113, '6', '49.9', 12, 2273);
INSERT INTO `ori_orderdetail` VALUES (114, '5', '27.9', 39, 2274);
INSERT INTO `ori_orderdetail` VALUES (115, '6', '49.9', 67, 2275);
INSERT INTO `ori_orderdetail` VALUES (116, '3', '59.9', 38, 2276);
INSERT INTO `ori_orderdetail` VALUES (117, '6', '49.9', 67, 2277);
INSERT INTO `ori_orderdetail` VALUES (118, '6', '49.9', 67, 2278);
INSERT INTO `ori_orderdetail` VALUES (119, '3', '59.9', 38, 2279);
INSERT INTO `ori_orderdetail` VALUES (120, '1', '19.9', 98, 2280);
INSERT INTO `ori_orderdetail` VALUES (121, '2', '68.9', 36, 2281);
INSERT INTO `ori_orderdetail` VALUES (122, '4', '109', 47, 2282);
INSERT INTO `ori_orderdetail` VALUES (123, '3', '59.9', 12, 2283);
INSERT INTO `ori_orderdetail` VALUES (124, '1', '19.9', 100, 2284);
INSERT INTO `ori_orderdetail` VALUES (125, '4', '109', 47, 2285);
INSERT INTO `ori_orderdetail` VALUES (126, '4', '109', 47, 2286);
INSERT INTO `ori_orderdetail` VALUES (127, '3', '59.9', 76, 2287);
INSERT INTO `ori_orderdetail` VALUES (128, '4', '109', 25, 2288);
INSERT INTO `ori_orderdetail` VALUES (129, '4', '109', 25, 2289);
INSERT INTO `ori_orderdetail` VALUES (130, '2', '68.9', 38, 2290);
INSERT INTO `ori_orderdetail` VALUES (131, '6', '49.9', 73, 2291);
INSERT INTO `ori_orderdetail` VALUES (132, '1', '19.9', 49, 2292);
INSERT INTO `ori_orderdetail` VALUES (133, '5', '27.9', 47, 2293);
INSERT INTO `ori_orderdetail` VALUES (134, '5', '27.9', 47, 2294);
INSERT INTO `ori_orderdetail` VALUES (135, '3', '59.9', 53, 2295);
INSERT INTO `ori_orderdetail` VALUES (136, '5', '27.9', 47, 2296);
INSERT INTO `ori_orderdetail` VALUES (137, '3', '59.9', 53, 2297);
INSERT INTO `ori_orderdetail` VALUES (138, '4', '109', 78, 2298);
INSERT INTO `ori_orderdetail` VALUES (139, '6', '49.9', 64, 2299);
INSERT INTO `ori_orderdetail` VALUES (140, '2', '68.9', 57, 2300);
INSERT INTO `ori_orderdetail` VALUES (141, '1', '19.9', 54, 2301);
INSERT INTO `ori_orderdetail` VALUES (142, '5', '27.9', 68, 2302);
INSERT INTO `ori_orderdetail` VALUES (143, '4', '109', 41, 2303);
INSERT INTO `ori_orderdetail` VALUES (144, '5', '27.9', 68, 2304);
INSERT INTO `ori_orderdetail` VALUES (145, '6', '49.9', 43, 2305);
INSERT INTO `ori_orderdetail` VALUES (146, '3', '59.9', 6, 2306);
INSERT INTO `ori_orderdetail` VALUES (147, '2', '68.9', 57, 2307);
INSERT INTO `ori_orderdetail` VALUES (148, '1', '19.9', 7, 2308);
INSERT INTO `ori_orderdetail` VALUES (149, '4', '109', 72, 2309);
INSERT INTO `ori_orderdetail` VALUES (150, '1', '19.9', 7, 2310);
INSERT INTO `ori_orderdetail` VALUES (151, '4', '109', 73, 2311);
INSERT INTO `ori_orderdetail` VALUES (152, '3', '59.9', 47, 2312);
INSERT INTO `ori_orderdetail` VALUES (153, '2', '68.9', 74, 2313);
INSERT INTO `ori_orderdetail` VALUES (154, '4', '109', 73, 2314);
INSERT INTO `ori_orderdetail` VALUES (155, '3', '59.9', 47, 2315);
INSERT INTO `ori_orderdetail` VALUES (156, '2', '68.9', 74, 2316);
INSERT INTO `ori_orderdetail` VALUES (157, '6', '49.9', 14, 2317);
INSERT INTO `ori_orderdetail` VALUES (158, '6', '49.9', 14, 2318);
INSERT INTO `ori_orderdetail` VALUES (159, '1', '19.9', 65, 2319);
INSERT INTO `ori_orderdetail` VALUES (160, '2', '68.9', 36, 2320);
INSERT INTO `ori_orderdetail` VALUES (161, '1', '19.9', 65, 2321);
INSERT INTO `ori_orderdetail` VALUES (162, '3', '59.9', 84, 2322);
INSERT INTO `ori_orderdetail` VALUES (163, '1', '19.9', 10, 2323);
INSERT INTO `ori_orderdetail` VALUES (164, '4', '109', 44, 2324);
INSERT INTO `ori_orderdetail` VALUES (165, '2', '68.9', 84, 2325);
INSERT INTO `ori_orderdetail` VALUES (166, '3', '59.9', 18, 2326);
INSERT INTO `ori_orderdetail` VALUES (167, '2', '68.9', 84, 2327);
INSERT INTO `ori_orderdetail` VALUES (168, '5', '27.9', 27, 2328);
INSERT INTO `ori_orderdetail` VALUES (169, '1', '19.9', 98, 2329);
INSERT INTO `ori_orderdetail` VALUES (170, '4', '109', 89, 2330);
INSERT INTO `ori_orderdetail` VALUES (171, '3', '59.9', 41, 2331);
INSERT INTO `ori_orderdetail` VALUES (172, '2', '68.9', 97, 2332);
INSERT INTO `ori_orderdetail` VALUES (173, '5', '27.9', 102, 2333);
INSERT INTO `ori_orderdetail` VALUES (174, '2', '68.9', 97, 2334);
INSERT INTO `ori_orderdetail` VALUES (175, '6', '49.9', 89, 2335);
INSERT INTO `ori_orderdetail` VALUES (176, '5', '27.9', 40, 2336);
INSERT INTO `ori_orderdetail` VALUES (177, '3', '59.9', 11, 2337);
INSERT INTO `ori_orderdetail` VALUES (178, '4', '109', 6, 2338);
INSERT INTO `ori_orderdetail` VALUES (179, '3', '59.9', 11, 2339);
INSERT INTO `ori_orderdetail` VALUES (180, '6', '49.9', 89, 2340);
INSERT INTO `ori_orderdetail` VALUES (181, '3', '59.9', 50, 2341);
INSERT INTO `ori_orderdetail` VALUES (182, '5', '27.9', 74, 2342);
INSERT INTO `ori_orderdetail` VALUES (183, '3', '59.9', 50, 2343);
INSERT INTO `ori_orderdetail` VALUES (184, '4', '109', 54, 2344);
INSERT INTO `ori_orderdetail` VALUES (185, '1', '19.9', 85, 2345);
INSERT INTO `ori_orderdetail` VALUES (186, '6', '49.9', 102, 2346);
INSERT INTO `ori_orderdetail` VALUES (187, '5', '27.9', 51, 2347);
INSERT INTO `ori_orderdetail` VALUES (188, '4', '109', 10, 2348);
INSERT INTO `ori_orderdetail` VALUES (189, '6', '49.9', 67, 2349);
INSERT INTO `ori_orderdetail` VALUES (190, '2', '68.9', 69, 2350);
INSERT INTO `ori_orderdetail` VALUES (191, '2', '68.9', 69, 2351);
INSERT INTO `ori_orderdetail` VALUES (192, '4', '109', 10, 2352);
INSERT INTO `ori_orderdetail` VALUES (193, '6', '49.9', 6, 2353);
INSERT INTO `ori_orderdetail` VALUES (194, '4', '109', 94, 2354);
INSERT INTO `ori_orderdetail` VALUES (195, '2', '68.9', 38, 2355);
INSERT INTO `ori_orderdetail` VALUES (196, '2', '68.9', 38, 2356);
INSERT INTO `ori_orderdetail` VALUES (197, '1', '19.9', 76, 2357);
INSERT INTO `ori_orderdetail` VALUES (198, '6', '49.9', 6, 2358);
INSERT INTO `ori_orderdetail` VALUES (199, '3', '59.9', 20, 2359);
INSERT INTO `ori_orderdetail` VALUES (200, '6', '49.9', 60, 2360);
INSERT INTO `ori_orderdetail` VALUES (201, '3', '59.9', 20, 2361);
INSERT INTO `ori_orderdetail` VALUES (202, '1', '19.9', 28, 2362);
INSERT INTO `ori_orderdetail` VALUES (203, '6', '49.9', 60, 2363);
INSERT INTO `ori_orderdetail` VALUES (204, '6', '49.9', 60, 2364);
INSERT INTO `ori_orderdetail` VALUES (205, '5', '27.9', 25, 2365);
INSERT INTO `ori_orderdetail` VALUES (206, '3', '59.9', 25, 2366);
INSERT INTO `ori_orderdetail` VALUES (207, '4', '109', 10, 2367);
INSERT INTO `ori_orderdetail` VALUES (208, '2', '68.9', 16, 2368);
INSERT INTO `ori_orderdetail` VALUES (209, '3', '59.9', 25, 2369);
INSERT INTO `ori_orderdetail` VALUES (210, '2', '68.9', 16, 2370);
INSERT INTO `ori_orderdetail` VALUES (211, '3', '59.9', 60, 2371);
INSERT INTO `ori_orderdetail` VALUES (212, '4', '109', 68, 2372);
INSERT INTO `ori_orderdetail` VALUES (213, '2', '68.9', 12, 2373);
INSERT INTO `ori_orderdetail` VALUES (214, '5', '27.9', 56, 2374);
INSERT INTO `ori_orderdetail` VALUES (215, '6', '49.9', 79, 2375);
INSERT INTO `ori_orderdetail` VALUES (216, '6', '49.9', 79, 2376);
INSERT INTO `ori_orderdetail` VALUES (217, '5', '27.9', 23, 2377);
INSERT INTO `ori_orderdetail` VALUES (218, '4', '109', 48, 2378);
INSERT INTO `ori_orderdetail` VALUES (219, '4', '109', 48, 2379);
INSERT INTO `ori_orderdetail` VALUES (220, '3', '59.9', 57, 2380);
INSERT INTO `ori_orderdetail` VALUES (221, '3', '59.9', 57, 2381);
INSERT INTO `ori_orderdetail` VALUES (222, '3', '59.9', 57, 2382);
INSERT INTO `ori_orderdetail` VALUES (223, '6', '49.9', 47, 2383);
INSERT INTO `ori_orderdetail` VALUES (224, '2', '68.9', 67, 2384);
INSERT INTO `ori_orderdetail` VALUES (225, '1', '19.9', 78, 2385);
INSERT INTO `ori_orderdetail` VALUES (226, '1', '19.9', 78, 2386);
INSERT INTO `ori_orderdetail` VALUES (227, '2', '68.9', 67, 2387);
INSERT INTO `ori_orderdetail` VALUES (228, '4', '109', 49, 2388);
INSERT INTO `ori_orderdetail` VALUES (229, '3', '59.9', 43, 2389);
INSERT INTO `ori_orderdetail` VALUES (230, '5', '27.9', 24, 2390);
INSERT INTO `ori_orderdetail` VALUES (231, '2', '68.9', 46, 2391);
INSERT INTO `ori_orderdetail` VALUES (232, '4', '109', 18, 2392);
INSERT INTO `ori_orderdetail` VALUES (233, '5', '27.9', 24, 2393);
INSERT INTO `ori_orderdetail` VALUES (234, '3', '59.9', 43, 2394);
INSERT INTO `ori_orderdetail` VALUES (235, '6', '49.9', 99, 2395);
INSERT INTO `ori_orderdetail` VALUES (236, '2', '68.9', 48, 2396);
INSERT INTO `ori_orderdetail` VALUES (237, '4', '109', 99, 2397);
INSERT INTO `ori_orderdetail` VALUES (238, '6', '49.9', 99, 2398);
INSERT INTO `ori_orderdetail` VALUES (239, '6', '49.9', 99, 2399);
INSERT INTO `ori_orderdetail` VALUES (240, '1', '19.9', 25, 2400);
INSERT INTO `ori_orderdetail` VALUES (241, '6', '49.9', 24, 2401);
INSERT INTO `ori_orderdetail` VALUES (242, '2', '68.9', 105, 2402);
INSERT INTO `ori_orderdetail` VALUES (243, '6', '49.9', 24, 2403);
INSERT INTO `ori_orderdetail` VALUES (244, '4', '109', 100, 2404);
INSERT INTO `ori_orderdetail` VALUES (245, '1', '19.9', 65, 2405);
INSERT INTO `ori_orderdetail` VALUES (246, '6', '49.9', 24, 2406);
INSERT INTO `ori_orderdetail` VALUES (247, '5', '27.9', 44, 2407);
INSERT INTO `ori_orderdetail` VALUES (248, '2', '68.9', 66, 2408);
INSERT INTO `ori_orderdetail` VALUES (249, '3', '59.9', 99, 2409);
INSERT INTO `ori_orderdetail` VALUES (250, '2', '68.9', 66, 2410);
INSERT INTO `ori_orderdetail` VALUES (251, '2', '68.9', 66, 2411);
INSERT INTO `ori_orderdetail` VALUES (252, '6', '49.9', 100, 2412);
INSERT INTO `ori_orderdetail` VALUES (253, '5', '27.9', 89, 2413);
INSERT INTO `ori_orderdetail` VALUES (254, '5', '27.9', 89, 2414);
INSERT INTO `ori_orderdetail` VALUES (255, '1', '19.9', 28, 2415);
INSERT INTO `ori_orderdetail` VALUES (256, '1', '19.9', 28, 2416);
INSERT INTO `ori_orderdetail` VALUES (257, '1', '19.9', 28, 2417);
INSERT INTO `ori_orderdetail` VALUES (258, '3', '59.9', 75, 2418);
INSERT INTO `ori_orderdetail` VALUES (259, '2', '68.9', 39, 2419);
INSERT INTO `ori_orderdetail` VALUES (260, '1', '19.9', 98, 2420);
INSERT INTO `ori_orderdetail` VALUES (261, '5', '27.9', 66, 2421);
INSERT INTO `ori_orderdetail` VALUES (262, '3', '59.9', 89, 2422);
INSERT INTO `ori_orderdetail` VALUES (263, '2', '68.9', 39, 2423);
INSERT INTO `ori_orderdetail` VALUES (264, '1', '19.9', 98, 2424);
INSERT INTO `ori_orderdetail` VALUES (265, '4', '109', 104, 2425);
INSERT INTO `ori_orderdetail` VALUES (266, '5', '27.9', 47, 2426);
INSERT INTO `ori_orderdetail` VALUES (267, '2', '68.9', 46, 2427);
INSERT INTO `ori_orderdetail` VALUES (268, '2', '68.9', 46, 2428);
INSERT INTO `ori_orderdetail` VALUES (269, '3', '59.9', 51, 2429);
INSERT INTO `ori_orderdetail` VALUES (270, '6', '49.9', 62, 2430);
INSERT INTO `ori_orderdetail` VALUES (271, '2', '68.9', 43, 2431);
INSERT INTO `ori_orderdetail` VALUES (272, '4', '109', 101, 2432);
INSERT INTO `ori_orderdetail` VALUES (273, '5', '27.9', 96, 2433);
INSERT INTO `ori_orderdetail` VALUES (274, '5', '27.9', 96, 2434);
INSERT INTO `ori_orderdetail` VALUES (275, '2', '68.9', 43, 2435);
INSERT INTO `ori_orderdetail` VALUES (276, '6', '49.9', 78, 2436);
INSERT INTO `ori_orderdetail` VALUES (277, '5', '27.9', 7, 2437);
INSERT INTO `ori_orderdetail` VALUES (278, '6', '49.9', 64, 2438);
INSERT INTO `ori_orderdetail` VALUES (279, '6', '49.9', 64, 2439);
INSERT INTO `ori_orderdetail` VALUES (280, '4', '109', 88, 2440);
INSERT INTO `ori_orderdetail` VALUES (281, '1', '19.9', 87, 2441);
INSERT INTO `ori_orderdetail` VALUES (282, '1', '19.9', 87, 2442);
INSERT INTO `ori_orderdetail` VALUES (283, '3', '59.9', 33, 2443);
INSERT INTO `ori_orderdetail` VALUES (284, '3', '59.9', 33, 2444);
INSERT INTO `ori_orderdetail` VALUES (285, '1', '19.9', 15, 2445);
INSERT INTO `ori_orderdetail` VALUES (286, '1', '19.9', 15, 2446);
INSERT INTO `ori_orderdetail` VALUES (287, '5', '27.9', 96, 2447);
INSERT INTO `ori_orderdetail` VALUES (288, '2', '68.9', 57, 2448);
INSERT INTO `ori_orderdetail` VALUES (289, '3', '59.9', 15, 2449);
INSERT INTO `ori_orderdetail` VALUES (290, '3', '59.9', 15, 2450);
INSERT INTO `ori_orderdetail` VALUES (291, '6', '49.9', 92, 2451);
INSERT INTO `ori_orderdetail` VALUES (292, '6', '49.9', 92, 2452);
INSERT INTO `ori_orderdetail` VALUES (293, '6', '49.9', 92, 2453);
INSERT INTO `ori_orderdetail` VALUES (294, '4', '109', 77, 2454);
INSERT INTO `ori_orderdetail` VALUES (295, '1', '19.9', 98, 2455);
INSERT INTO `ori_orderdetail` VALUES (296, '2', '68.9', 101, 2456);
INSERT INTO `ori_orderdetail` VALUES (297, '2', '68.9', 101, 2457);
INSERT INTO `ori_orderdetail` VALUES (298, '6', '49.9', 65, 2458);
INSERT INTO `ori_orderdetail` VALUES (299, '2', '68.9', 101, 2459);
INSERT INTO `ori_orderdetail` VALUES (300, '1', '19.9', 98, 2460);
INSERT INTO `ori_orderdetail` VALUES (301, '2', '68.9', 43, 2461);
INSERT INTO `ori_orderdetail` VALUES (302, '1', '19.9', 95, 2462);
INSERT INTO `ori_orderdetail` VALUES (303, '6', '49.9', 72, 2463);
INSERT INTO `ori_orderdetail` VALUES (304, '6', '49.9', 72, 2464);
INSERT INTO `ori_orderdetail` VALUES (305, '1', '19.9', 95, 2465);
INSERT INTO `ori_orderdetail` VALUES (306, '2', '68.9', 43, 2466);
INSERT INTO `ori_orderdetail` VALUES (307, '4', '109', 70, 2467);
INSERT INTO `ori_orderdetail` VALUES (308, '2', '68.9', 85, 2468);
INSERT INTO `ori_orderdetail` VALUES (309, '2', '68.9', 85, 2469);
INSERT INTO `ori_orderdetail` VALUES (310, '2', '68.9', 85, 2470);
INSERT INTO `ori_orderdetail` VALUES (311, '2', '68.9', 85, 2471);
INSERT INTO `ori_orderdetail` VALUES (312, '4', '109', 70, 2472);
INSERT INTO `ori_orderdetail` VALUES (313, '3', '59.9', 50, 2473);
INSERT INTO `ori_orderdetail` VALUES (314, '3', '59.9', 50, 2474);
INSERT INTO `ori_orderdetail` VALUES (315, '3', '59.9', 50, 2475);
INSERT INTO `ori_orderdetail` VALUES (316, '1', '19.9', 41, 2476);
INSERT INTO `ori_orderdetail` VALUES (317, '3', '59.9', 50, 2477);
INSERT INTO `ori_orderdetail` VALUES (318, '2', '68.9', 55, 2478);
INSERT INTO `ori_orderdetail` VALUES (319, '4', '109', 43, 2479);
INSERT INTO `ori_orderdetail` VALUES (320, '4', '109', 43, 2480);
INSERT INTO `ori_orderdetail` VALUES (321, '1', '19.9', 53, 2481);
INSERT INTO `ori_orderdetail` VALUES (322, '4', '109', 43, 2482);
INSERT INTO `ori_orderdetail` VALUES (323, '4', '109', 43, 2483);
INSERT INTO `ori_orderdetail` VALUES (324, '5', '27.9', 69, 2484);
INSERT INTO `ori_orderdetail` VALUES (325, '4', '109', 69, 2485);
INSERT INTO `ori_orderdetail` VALUES (326, '5', '27.9', 98, 2486);
INSERT INTO `ori_orderdetail` VALUES (327, '6', '49.9', 91, 2487);
INSERT INTO `ori_orderdetail` VALUES (328, '5', '27.9', 98, 2488);
INSERT INTO `ori_orderdetail` VALUES (329, '4', '109', 69, 2489);
INSERT INTO `ori_orderdetail` VALUES (330, '2', '68.9', 22, 2490);
INSERT INTO `ori_orderdetail` VALUES (331, '3', '59.9', 94, 2491);
INSERT INTO `ori_orderdetail` VALUES (332, '6', '49.9', 55, 2492);
INSERT INTO `ori_orderdetail` VALUES (333, '3', '59.9', 94, 2493);
INSERT INTO `ori_orderdetail` VALUES (334, '3', '59.9', 94, 2494);
INSERT INTO `ori_orderdetail` VALUES (335, '2', '68.9', 99, 2495);
INSERT INTO `ori_orderdetail` VALUES (336, '3', '59.9', 94, 2496);
INSERT INTO `ori_orderdetail` VALUES (337, '5', '27.9', 103, 2497);
INSERT INTO `ori_orderdetail` VALUES (338, '1', '19.9', 38, 2498);
INSERT INTO `ori_orderdetail` VALUES (339, '6', '49.9', 57, 2499);
INSERT INTO `ori_orderdetail` VALUES (340, '3', '59.9', 45, 2500);
INSERT INTO `ori_orderdetail` VALUES (341, '6', '49.9', 57, 2501);
INSERT INTO `ori_orderdetail` VALUES (342, '1', '19.9', 38, 2502);
INSERT INTO `ori_orderdetail` VALUES (343, '3', '59.9', 57, 2503);
INSERT INTO `ori_orderdetail` VALUES (344, '2', '68.9', 29, 2504);
INSERT INTO `ori_orderdetail` VALUES (345, '2', '68.9', 29, 2505);
INSERT INTO `ori_orderdetail` VALUES (346, '4', '109', 71, 2506);
INSERT INTO `ori_orderdetail` VALUES (347, '6', '49.9', 38, 2507);
INSERT INTO `ori_orderdetail` VALUES (348, '2', '68.9', 29, 2508);
INSERT INTO `ori_orderdetail` VALUES (349, '6', '49.9', 55, 2509);
INSERT INTO `ori_orderdetail` VALUES (350, '5', '27.9', 89, 2510);
INSERT INTO `ori_orderdetail` VALUES (351, '3', '59.9', 24, 2511);
INSERT INTO `ori_orderdetail` VALUES (352, '3', '59.9', 24, 2512);
INSERT INTO `ori_orderdetail` VALUES (353, '4', '109', 31, 2513);
INSERT INTO `ori_orderdetail` VALUES (354, '1', '19.9', 49, 2514);
INSERT INTO `ori_orderdetail` VALUES (355, '1', '19.9', 51, 2515);
INSERT INTO `ori_orderdetail` VALUES (356, '3', '59.9', 52, 2516);
INSERT INTO `ori_orderdetail` VALUES (357, '1', '19.9', 51, 2517);
INSERT INTO `ori_orderdetail` VALUES (358, '5', '27.9', 98, 2518);
INSERT INTO `ori_orderdetail` VALUES (359, '6', '49.9', 19, 2519);
INSERT INTO `ori_orderdetail` VALUES (360, '1', '19.9', 51, 2520);
INSERT INTO `ori_orderdetail` VALUES (361, '1', '19.9', 79, 2521);
INSERT INTO `ori_orderdetail` VALUES (362, '2', '68.9', 95, 2522);
INSERT INTO `ori_orderdetail` VALUES (363, '5', '27.9', 76, 2523);
INSERT INTO `ori_orderdetail` VALUES (364, '4', '109', 57, 2524);
INSERT INTO `ori_orderdetail` VALUES (365, '1', '19.9', 79, 2525);
INSERT INTO `ori_orderdetail` VALUES (366, '3', '59.9', 49, 2526);
INSERT INTO `ori_orderdetail` VALUES (367, '2', '68.9', 99, 2527);
INSERT INTO `ori_orderdetail` VALUES (368, '2', '68.9', 99, 2528);
INSERT INTO `ori_orderdetail` VALUES (369, '1', '19.9', 19, 2529);
INSERT INTO `ori_orderdetail` VALUES (370, '5', '27.9', 22, 2530);
INSERT INTO `ori_orderdetail` VALUES (371, '2', '68.9', 99, 2531);
INSERT INTO `ori_orderdetail` VALUES (372, '1', '19.9', 19, 2532);
INSERT INTO `ori_orderdetail` VALUES (373, '4', '109', 95, 2533);
INSERT INTO `ori_orderdetail` VALUES (374, '6', '49.9', 73, 2534);
INSERT INTO `ori_orderdetail` VALUES (375, '4', '109', 95, 2535);
INSERT INTO `ori_orderdetail` VALUES (376, '5', '27.9', 72, 2536);
INSERT INTO `ori_orderdetail` VALUES (377, '2', '68.9', 15, 2537);
INSERT INTO `ori_orderdetail` VALUES (378, '6', '49.9', 73, 2538);
INSERT INTO `ori_orderdetail` VALUES (379, '6', '49.9', 75, 2539);
INSERT INTO `ori_orderdetail` VALUES (380, '3', '59.9', 86, 2540);
INSERT INTO `ori_orderdetail` VALUES (381, '1', '19.9', 46, 2541);
INSERT INTO `ori_orderdetail` VALUES (382, '2', '68.9', 49, 2542);
INSERT INTO `ori_orderdetail` VALUES (383, '5', '27.9', 15, 2543);
INSERT INTO `ori_orderdetail` VALUES (384, '1', '19.9', 46, 2544);
INSERT INTO `ori_orderdetail` VALUES (385, '4', '109', 16, 2545);
INSERT INTO `ori_orderdetail` VALUES (386, '6', '49.9', 31, 2546);
INSERT INTO `ori_orderdetail` VALUES (387, '4', '109', 16, 2547);
INSERT INTO `ori_orderdetail` VALUES (388, '2', '68.9', 21, 2548);
INSERT INTO `ori_orderdetail` VALUES (389, '5', '27.9', 47, 2549);
INSERT INTO `ori_orderdetail` VALUES (390, '4', '109', 16, 2550);
INSERT INTO `ori_orderdetail` VALUES (391, '1', '19.9', 34, 2551);
INSERT INTO `ori_orderdetail` VALUES (392, '5', '27.9', 73, 2552);
INSERT INTO `ori_orderdetail` VALUES (393, '1', '19.9', 34, 2553);
INSERT INTO `ori_orderdetail` VALUES (394, '1', '19.9', 34, 2554);
INSERT INTO `ori_orderdetail` VALUES (395, '4', '109', 36, 2555);
INSERT INTO `ori_orderdetail` VALUES (396, '2', '68.9', 101, 2556);
INSERT INTO `ori_orderdetail` VALUES (397, '2', '68.9', 17, 2557);
INSERT INTO `ori_orderdetail` VALUES (398, '5', '27.9', 43, 2558);
INSERT INTO `ori_orderdetail` VALUES (399, '5', '27.9', 43, 2559);
INSERT INTO `ori_orderdetail` VALUES (400, '1', '19.9', 71, 2560);
INSERT INTO `ori_orderdetail` VALUES (401, '3', '59.9', 100, 2561);
INSERT INTO `ori_orderdetail` VALUES (402, '4', '109', 46, 2562);
INSERT INTO `ori_orderdetail` VALUES (403, '5', '27.9', 81, 2563);
INSERT INTO `ori_orderdetail` VALUES (404, '4', '109', 28, 2564);
INSERT INTO `ori_orderdetail` VALUES (405, '6', '49.9', 26, 2565);
INSERT INTO `ori_orderdetail` VALUES (406, '5', '27.9', 81, 2566);
INSERT INTO `ori_orderdetail` VALUES (407, '6', '49.9', 26, 2567);
INSERT INTO `ori_orderdetail` VALUES (408, '3', '59.9', 88, 2568);
INSERT INTO `ori_orderdetail` VALUES (409, '6', '49.9', 61, 2569);
INSERT INTO `ori_orderdetail` VALUES (410, '4', '109', 59, 2570);
INSERT INTO `ori_orderdetail` VALUES (411, '4', '109', 59, 2571);
INSERT INTO `ori_orderdetail` VALUES (412, '1', '19.9', 76, 2572);
INSERT INTO `ori_orderdetail` VALUES (413, '3', '59.9', 42, 2573);
INSERT INTO `ori_orderdetail` VALUES (414, '3', '59.9', 42, 2574);
INSERT INTO `ori_orderdetail` VALUES (415, '4', '109', 29, 2575);
INSERT INTO `ori_orderdetail` VALUES (416, '6', '49.9', 12, 2576);
INSERT INTO `ori_orderdetail` VALUES (417, '5', '27.9', 82, 2577);
INSERT INTO `ori_orderdetail` VALUES (418, '4', '109', 29, 2578);
INSERT INTO `ori_orderdetail` VALUES (419, '4', '109', 29, 2579);
INSERT INTO `ori_orderdetail` VALUES (420, '2', '68.9', 16, 2580);
INSERT INTO `ori_orderdetail` VALUES (421, '6', '49.9', 42, 2581);
INSERT INTO `ori_orderdetail` VALUES (422, '3', '59.9', 93, 2582);
INSERT INTO `ori_orderdetail` VALUES (423, '1', '19.9', 35, 2583);
INSERT INTO `ori_orderdetail` VALUES (424, '2', '68.9', 55, 2584);
INSERT INTO `ori_orderdetail` VALUES (425, '5', '27.9', 32, 2585);
INSERT INTO `ori_orderdetail` VALUES (426, '5', '27.9', 32, 2586);
INSERT INTO `ori_orderdetail` VALUES (427, '4', '109', 95, 2587);
INSERT INTO `ori_orderdetail` VALUES (428, '5', '27.9', 73, 2588);
INSERT INTO `ori_orderdetail` VALUES (429, '2', '68.9', 80, 2589);
INSERT INTO `ori_orderdetail` VALUES (430, '1', '19.9', 39, 2590);
INSERT INTO `ori_orderdetail` VALUES (431, '3', '59.9', 38, 2591);
INSERT INTO `ori_orderdetail` VALUES (432, '1', '19.9', 39, 2592);
INSERT INTO `ori_orderdetail` VALUES (433, '2', '68.9', 13, 2593);
INSERT INTO `ori_orderdetail` VALUES (434, '3', '59.9', 25, 2594);
INSERT INTO `ori_orderdetail` VALUES (435, '6', '49.9', 12, 2595);
INSERT INTO `ori_orderdetail` VALUES (436, '2', '68.9', 13, 2596);
INSERT INTO `ori_orderdetail` VALUES (437, '4', '109', 101, 2597);
INSERT INTO `ori_orderdetail` VALUES (438, '2', '68.9', 13, 2598);
INSERT INTO `ori_orderdetail` VALUES (439, '5', '27.9', 88, 2599);
INSERT INTO `ori_orderdetail` VALUES (440, '5', '27.9', 88, 2600);
INSERT INTO `ori_orderdetail` VALUES (441, '2', '68.9', 43, 2601);
INSERT INTO `ori_orderdetail` VALUES (442, '5', '27.9', 88, 2602);
INSERT INTO `ori_orderdetail` VALUES (443, '5', '27.9', 88, 2603);
INSERT INTO `ori_orderdetail` VALUES (444, '3', '59.9', 104, 2604);
INSERT INTO `ori_orderdetail` VALUES (445, '3', '59.9', 9, 2605);
INSERT INTO `ori_orderdetail` VALUES (446, '2', '68.9', 30, 2606);
INSERT INTO `ori_orderdetail` VALUES (447, '3', '59.9', 9, 2607);
INSERT INTO `ori_orderdetail` VALUES (448, '3', '59.9', 9, 2608);
INSERT INTO `ori_orderdetail` VALUES (449, '3', '59.9', 9, 2609);
INSERT INTO `ori_orderdetail` VALUES (450, '5', '27.9', 76, 2610);
INSERT INTO `ori_orderdetail` VALUES (451, '2', '68.9', 67, 2611);
INSERT INTO `ori_orderdetail` VALUES (452, '3', '59.9', 55, 2612);
INSERT INTO `ori_orderdetail` VALUES (453, '2', '68.9', 67, 2613);
INSERT INTO `ori_orderdetail` VALUES (454, '6', '49.9', 31, 2614);
INSERT INTO `ori_orderdetail` VALUES (455, '4', '109', 100, 2615);
INSERT INTO `ori_orderdetail` VALUES (456, '4', '109', 100, 2616);
INSERT INTO `ori_orderdetail` VALUES (457, '6', '49.9', 15, 2617);
INSERT INTO `ori_orderdetail` VALUES (458, '3', '59.9', 93, 2618);
INSERT INTO `ori_orderdetail` VALUES (459, '6', '49.9', 15, 2619);
INSERT INTO `ori_orderdetail` VALUES (460, '5', '27.9', 52, 2620);
INSERT INTO `ori_orderdetail` VALUES (461, '6', '49.9', 15, 2621);
INSERT INTO `ori_orderdetail` VALUES (462, '5', '27.9', 52, 2622);
INSERT INTO `ori_orderdetail` VALUES (463, '2', '68.9', 101, 2623);
INSERT INTO `ori_orderdetail` VALUES (464, '1', '19.9', 72, 2624);
INSERT INTO `ori_orderdetail` VALUES (465, '1', '19.9', 72, 2625);
INSERT INTO `ori_orderdetail` VALUES (466, '3', '59.9', 91, 2626);
INSERT INTO `ori_orderdetail` VALUES (467, '3', '59.9', 91, 2627);
INSERT INTO `ori_orderdetail` VALUES (468, '3', '59.9', 91, 2628);
INSERT INTO `ori_orderdetail` VALUES (469, '5', '27.9', 92, 2629);
INSERT INTO `ori_orderdetail` VALUES (470, '5', '27.9', 92, 2630);
INSERT INTO `ori_orderdetail` VALUES (471, '1', '19.9', 12, 2631);
INSERT INTO `ori_orderdetail` VALUES (472, '2', '68.9', 98, 2632);
INSERT INTO `ori_orderdetail` VALUES (473, '2', '68.9', 98, 2633);
INSERT INTO `ori_orderdetail` VALUES (474, '2', '68.9', 98, 2634);
INSERT INTO `ori_orderdetail` VALUES (475, '5', '27.9', 52, 2635);
INSERT INTO `ori_orderdetail` VALUES (476, '6', '49.9', 53, 2636);
INSERT INTO `ori_orderdetail` VALUES (477, '1', '19.9', 25, 2637);
INSERT INTO `ori_orderdetail` VALUES (478, '2', '68.9', 8, 2638);
INSERT INTO `ori_orderdetail` VALUES (479, '4', '109', 98, 2639);
INSERT INTO `ori_orderdetail` VALUES (480, '5', '27.9', 52, 2640);
INSERT INTO `ori_orderdetail` VALUES (481, '6', '49.9', 69, 2641);
INSERT INTO `ori_orderdetail` VALUES (482, '4', '109', 73, 2642);
INSERT INTO `ori_orderdetail` VALUES (483, '5', '27.9', 102, 2643);
INSERT INTO `ori_orderdetail` VALUES (484, '1', '19.9', 17, 2644);
INSERT INTO `ori_orderdetail` VALUES (485, '6', '49.9', 69, 2645);
INSERT INTO `ori_orderdetail` VALUES (486, '5', '27.9', 102, 2646);
INSERT INTO `ori_orderdetail` VALUES (487, '6', '49.9', 99, 2647);
INSERT INTO `ori_orderdetail` VALUES (488, '6', '49.9', 99, 2648);
INSERT INTO `ori_orderdetail` VALUES (489, '4', '109', 83, 2649);
INSERT INTO `ori_orderdetail` VALUES (490, '3', '59.9', 68, 2650);
INSERT INTO `ori_orderdetail` VALUES (491, '2', '68.9', 102, 2651);
INSERT INTO `ori_orderdetail` VALUES (492, '4', '109', 83, 2652);
INSERT INTO `ori_orderdetail` VALUES (493, '2', '68.9', 48, 2653);
INSERT INTO `ori_orderdetail` VALUES (494, '2', '68.9', 48, 2654);
INSERT INTO `ori_orderdetail` VALUES (495, '2', '68.9', 48, 2655);
INSERT INTO `ori_orderdetail` VALUES (496, '3', '59.9', 16, 2656);
INSERT INTO `ori_orderdetail` VALUES (497, '1', '19.9', 93, 2657);
INSERT INTO `ori_orderdetail` VALUES (498, '6', '49.9', 103, 2658);
INSERT INTO `ori_orderdetail` VALUES (499, '2', '68.9', 77, 2659);
INSERT INTO `ori_orderdetail` VALUES (500, '3', '59.9', 65, 2660);
INSERT INTO `ori_orderdetail` VALUES (501, '6', '49.9', 8, 2661);
INSERT INTO `ori_orderdetail` VALUES (502, '2', '68.9', 77, 2662);
INSERT INTO `ori_orderdetail` VALUES (503, '6', '49.9', 8, 2663);
INSERT INTO `ori_orderdetail` VALUES (504, '3', '59.9', 65, 2664);
INSERT INTO `ori_orderdetail` VALUES (505, '5', '27.9', 12, 2665);
INSERT INTO `ori_orderdetail` VALUES (506, '6', '49.9', 49, 2666);
INSERT INTO `ori_orderdetail` VALUES (507, '4', '109', 35, 2667);
INSERT INTO `ori_orderdetail` VALUES (508, '5', '27.9', 12, 2668);
INSERT INTO `ori_orderdetail` VALUES (509, '3', '59.9', 46, 2669);
INSERT INTO `ori_orderdetail` VALUES (510, '1', '19.9', 42, 2670);
INSERT INTO `ori_orderdetail` VALUES (511, '1', '19.9', 84, 2671);
INSERT INTO `ori_orderdetail` VALUES (512, '5', '27.9', 50, 2672);
INSERT INTO `ori_orderdetail` VALUES (513, '2', '68.9', 67, 2673);
INSERT INTO `ori_orderdetail` VALUES (514, '1', '19.9', 84, 2674);
INSERT INTO `ori_orderdetail` VALUES (515, '4', '109', 14, 2675);
INSERT INTO `ori_orderdetail` VALUES (516, '1', '19.9', 84, 2676);
INSERT INTO `ori_orderdetail` VALUES (517, '6', '49.9', 38, 2677);
INSERT INTO `ori_orderdetail` VALUES (518, '1', '19.9', 59, 2678);
INSERT INTO `ori_orderdetail` VALUES (519, '5', '27.9', 90, 2679);
INSERT INTO `ori_orderdetail` VALUES (520, '3', '59.9', 24, 2680);
INSERT INTO `ori_orderdetail` VALUES (521, '2', '68.9', 42, 2681);
INSERT INTO `ori_orderdetail` VALUES (522, '6', '49.9', 38, 2682);
INSERT INTO `ori_orderdetail` VALUES (523, '6', '49.9', 60, 2683);
INSERT INTO `ori_orderdetail` VALUES (524, '4', '109', 11, 2684);
INSERT INTO `ori_orderdetail` VALUES (525, '2', '68.9', 28, 2685);
INSERT INTO `ori_orderdetail` VALUES (526, '4', '109', 11, 2686);
INSERT INTO `ori_orderdetail` VALUES (527, '2', '68.9', 28, 2687);
INSERT INTO `ori_orderdetail` VALUES (528, '3', '59.9', 105, 2688);
INSERT INTO `ori_orderdetail` VALUES (529, '6', '49.9', 103, 2689);
INSERT INTO `ori_orderdetail` VALUES (530, '4', '109', 69, 2690);
INSERT INTO `ori_orderdetail` VALUES (531, '5', '27.9', 85, 2691);
INSERT INTO `ori_orderdetail` VALUES (532, '3', '59.9', 47, 2692);
INSERT INTO `ori_orderdetail` VALUES (533, '6', '49.9', 103, 2693);
INSERT INTO `ori_orderdetail` VALUES (534, '3', '59.9', 47, 2694);
INSERT INTO `ori_orderdetail` VALUES (535, '5', '27.9', 30, 2695);
INSERT INTO `ori_orderdetail` VALUES (536, '3', '59.9', 27, 2696);
INSERT INTO `ori_orderdetail` VALUES (537, '3', '59.9', 27, 2697);
INSERT INTO `ori_orderdetail` VALUES (538, '3', '59.9', 27, 2698);
INSERT INTO `ori_orderdetail` VALUES (539, '5', '27.9', 30, 2699);
INSERT INTO `ori_orderdetail` VALUES (540, '2', '68.9', 91, 2700);

-- ----------------------------
-- Table structure for ori_orders
-- ----------------------------
DROP TABLE IF EXISTS `ori_orders`;
CREATE TABLE `ori_orders`  (
  `id` int(10) UNSIGNED NOT NULL AUTO_INCREMENT,
  `bookDate` date NOT NULL,
  `deadline` date NOT NULL,
  `total` float NOT NULL,
  `customerId` int(10) UNSIGNED NOT NULL,
  PRIMARY KEY (`id`) USING BTREE
) ENGINE = InnoDB AUTO_INCREMENT = 365 CHARACTER SET = utf8 COLLATE = utf8_general_ci ROW_FORMAT = Compact;

-- ----------------------------
-- Records of ori_orders
-- ----------------------------
INSERT INTO `ori_orders` VALUES (1, '2016-03-18', '2016-09-16', 1333.3, 7);
INSERT INTO `ori_orders` VALUES (2, '2016-03-18', '2016-09-16', 5123, 8);
INSERT INTO `ori_orders` VALUES (3, '2016-03-18', '2016-09-16', 1257.9, 5);
INSERT INTO `ori_orders` VALUES (4, '2016-03-18', '2016-09-16', 5787.6, 5);
INSERT INTO `ori_orders` VALUES (5, '2018-12-08', '2018-12-21', 5123, 9);
INSERT INTO `ori_orders` VALUES (6, '2018-12-08', '2018-12-21', 5123, 4);
INSERT INTO `ori_orders` VALUES (7, '2018-05-14', '2018-07-25', 1417, 6);
INSERT INTO `ori_orders` VALUES (8, '2018-05-14', '2018-07-25', 1417, 1);
INSERT INTO `ori_orders` VALUES (9, '2018-05-14', '2018-07-25', 1618.2, 2);
INSERT INTO `ori_orders` VALUES (10, '2018-05-14', '2018-07-25', 1916.8, 1);
INSERT INTO `ori_orders` VALUES (11, '2018-05-14', '2018-07-25', 1417, 1);
INSERT INTO `ori_orders` VALUES (12, '2018-05-14', '2018-07-25', 776.1, 8);
INSERT INTO `ori_orders` VALUES (13, '2018-09-30', '2018-12-01', 10028, 2);
INSERT INTO `ori_orders` VALUES (14, '2018-09-30', '2018-12-01', 1492.5, 7);
INSERT INTO `ori_orders` VALUES (15, '2018-09-30', '2018-12-01', 10028, 6);
INSERT INTO `ori_orders` VALUES (16, '2018-09-30', '2018-12-01', 2245.5, 3);
INSERT INTO `ori_orders` VALUES (17, '2018-09-30', '2018-12-01', 2245.5, 6);
INSERT INTO `ori_orders` VALUES (18, '2018-09-30', '2018-12-01', 10028, 5);
INSERT INTO `ori_orders` VALUES (19, '2018-01-13', '2018-01-22', 2276.2, 6);
INSERT INTO `ori_orders` VALUES (20, '2018-01-13', '2018-01-22', 6476.6, 1);
INSERT INTO `ori_orders` VALUES (21, '2018-01-13', '2018-01-22', 2276.2, 9);
INSERT INTO `ori_orders` VALUES (22, '2018-01-13', '2018-01-22', 6476.6, 8);
INSERT INTO `ori_orders` VALUES (23, '2018-01-13', '2018-01-22', 6476.6, 1);
INSERT INTO `ori_orders` VALUES (24, '2018-01-13', '2018-01-22', 2616, 5);
INSERT INTO `ori_orders` VALUES (25, '2017-07-20', '2017-11-07', 2069.6, 1);
INSERT INTO `ori_orders` VALUES (26, '2017-07-20', '2017-11-07', 2069.6, 6);
INSERT INTO `ori_orders` VALUES (27, '2017-07-20', '2017-11-07', 1674, 1);
INSERT INTO `ori_orders` VALUES (28, '2017-07-20', '2017-11-07', 3651.7, 7);
INSERT INTO `ori_orders` VALUES (29, '2017-07-20', '2017-11-07', 5151.4, 6);
INSERT INTO `ori_orders` VALUES (30, '2017-07-20', '2017-11-07', 1674, 3);
INSERT INTO `ori_orders` VALUES (31, '2016-10-31', '2016-12-29', 551.2, 8);
INSERT INTO `ori_orders` VALUES (32, '2016-10-31', '2016-12-29', 4690.6, 1);
INSERT INTO `ori_orders` VALUES (33, '2018-10-31', '2018-11-16', 1450.8, 6);
INSERT INTO `ori_orders` VALUES (34, '2018-10-31', '2018-11-16', 1737.1, 8);
INSERT INTO `ori_orders` VALUES (35, '2018-10-31', '2018-11-16', 1450.8, 1);
INSERT INTO `ori_orders` VALUES (36, '2018-04-21', '2018-05-15', 3706, 5);
INSERT INTO `ori_orders` VALUES (37, '2018-05-20', '2018-10-25', 195.3, 4);
INSERT INTO `ori_orders` VALUES (38, '2018-05-20', '2018-10-25', 195.3, 1);
INSERT INTO `ori_orders` VALUES (39, '2018-05-20', '2018-10-25', 1308, 2);
INSERT INTO `ori_orders` VALUES (40, '2018-05-20', '2018-10-25', 1896.2, 1);
INSERT INTO `ori_orders` VALUES (41, '2018-05-20', '2018-10-25', 1896.2, 2);
INSERT INTO `ori_orders` VALUES (42, '2018-05-20', '2018-10-25', 5091.5, 7);
INSERT INTO `ori_orders` VALUES (43, '2016-05-10', '2016-11-24', 2336.1, 4);
INSERT INTO `ori_orders` VALUES (44, '2016-05-10', '2016-11-24', 5787.6, 8);
INSERT INTO `ori_orders` VALUES (45, '2016-05-10', '2016-11-24', 2455.2, 8);
INSERT INTO `ori_orders` VALUES (46, '2018-04-17', '2018-12-11', 796, 1);
INSERT INTO `ori_orders` VALUES (47, '2018-04-17', '2018-12-11', 5787.6, 3);
INSERT INTO `ori_orders` VALUES (48, '2018-04-17', '2018-12-11', 1596.8, 7);
INSERT INTO `ori_orders` VALUES (49, '2016-11-09', '2016-11-18', 599, 5);
INSERT INTO `ori_orders` VALUES (50, '2016-11-09', '2016-11-18', 613.8, 5);
INSERT INTO `ori_orders` VALUES (51, '2016-11-09', '2016-11-18', 599, 1);
INSERT INTO `ori_orders` VALUES (52, '2016-11-09', '2016-11-18', 599, 4);
INSERT INTO `ori_orders` VALUES (53, '2018-04-09', '2018-09-25', 8393, 3);
INSERT INTO `ori_orders` VALUES (54, '2018-04-09', '2018-09-25', 613.8, 3);
INSERT INTO `ori_orders` VALUES (55, '2017-04-22', '2017-09-24', 2145.7, 6);
INSERT INTO `ori_orders` VALUES (56, '2017-04-22', '2017-09-24', 2049.7, 3);
INSERT INTO `ori_orders` VALUES (57, '2017-04-22', '2017-09-24', 2756, 2);
INSERT INTO `ori_orders` VALUES (58, '2017-04-22', '2017-09-24', 3833.6, 4);
INSERT INTO `ori_orders` VALUES (59, '2017-04-22', '2017-09-24', 2145.7, 4);
INSERT INTO `ori_orders` VALUES (60, '2017-04-22', '2017-09-24', 3833.6, 1);
INSERT INTO `ori_orders` VALUES (61, '2017-04-23', '2017-07-07', 2049.7, 9);
INSERT INTO `ori_orders` VALUES (62, '2017-04-23', '2017-07-07', 1090, 2);
INSERT INTO `ori_orders` VALUES (63, '2017-04-23', '2017-07-07', 2049.7, 4);
INSERT INTO `ori_orders` VALUES (64, '2017-04-23', '2017-07-07', 4960.8, 9);
INSERT INTO `ori_orders` VALUES (65, '2017-12-06', '2017-12-14', 2575.7, 3);
INSERT INTO `ori_orders` VALUES (66, '2017-12-06', '2017-12-14', 4960.8, 8);
INSERT INTO `ori_orders` VALUES (67, '2017-07-31', '2017-10-17', 3706, 1);
INSERT INTO `ori_orders` VALUES (68, '2017-07-31', '2017-10-17', 417.9, 7);
INSERT INTO `ori_orders` VALUES (69, '2017-07-31', '2017-10-17', 2276.2, 7);
INSERT INTO `ori_orders` VALUES (70, '2017-07-31', '2017-10-17', 417.9, 1);
INSERT INTO `ori_orders` VALUES (71, '2017-07-31', '2017-10-17', 3100.5, 9);
INSERT INTO `ori_orders` VALUES (72, '2017-07-31', '2017-10-17', 3706, 2);
INSERT INTO `ori_orders` VALUES (73, '2018-08-01', '2018-12-26', 2901.6, 5);
INSERT INTO `ori_orders` VALUES (74, '2018-08-01', '2018-12-26', 1950.2, 9);
INSERT INTO `ori_orders` VALUES (75, '2018-07-22', '2018-08-09', 1018.3, 6);
INSERT INTO `ori_orders` VALUES (76, '2018-07-22', '2018-08-09', 4191.6, 3);
INSERT INTO `ori_orders` VALUES (77, '2018-07-22', '2018-08-09', 2901.6, 7);
INSERT INTO `ori_orders` VALUES (78, '2018-07-22', '2018-08-09', 1950.2, 5);
INSERT INTO `ori_orders` VALUES (79, '2016-02-17', '2016-02-28', 2544.9, 4);
INSERT INTO `ori_orders` VALUES (80, '2016-02-17', '2016-02-28', 223.2, 3);
INSERT INTO `ori_orders` VALUES (81, '2016-02-17', '2016-02-28', 6213, 8);
INSERT INTO `ori_orders` VALUES (82, '2016-02-17', '2016-02-28', 223.2, 8);
INSERT INTO `ori_orders` VALUES (83, '2016-02-17', '2016-02-28', 223.2, 1);
INSERT INTO `ori_orders` VALUES (84, '2016-02-17', '2016-02-28', 6269.9, 1);
INSERT INTO `ori_orders` VALUES (85, '2017-01-29', '2017-10-22', 748.5, 1);
INSERT INTO `ori_orders` VALUES (86, '2017-01-29', '2017-10-22', 1950.2, 4);
INSERT INTO `ori_orders` VALUES (87, '2017-01-29', '2017-10-22', 2343.6, 5);
INSERT INTO `ori_orders` VALUES (88, '2017-01-29', '2017-10-22', 2343.6, 4);
INSERT INTO `ori_orders` VALUES (89, '2017-01-29', '2017-10-22', 2156.4, 5);
INSERT INTO `ori_orders` VALUES (90, '2017-01-29', '2017-10-22', 2480.4, 4);
INSERT INTO `ori_orders` VALUES (91, '2018-05-25', '2018-09-26', 4372.7, 5);
INSERT INTO `ori_orders` VALUES (92, '2018-05-25', '2018-09-26', 4372.7, 5);
INSERT INTO `ori_orders` VALUES (93, '2018-05-25', '2018-09-26', 548.9, 4);
INSERT INTO `ori_orders` VALUES (94, '2016-01-21', '2016-01-29', 5450, 4);
INSERT INTO `ori_orders` VALUES (95, '2016-01-21', '2016-01-29', 1233.8, 9);
INSERT INTO `ori_orders` VALUES (96, '2016-01-21', '2016-01-29', 837, 2);
INSERT INTO `ori_orders` VALUES (97, '2016-09-15', '2016-11-26', 3293.4, 5);
INSERT INTO `ori_orders` VALUES (98, '2016-09-15', '2016-11-26', 10246, 8);
INSERT INTO `ori_orders` VALUES (99, '2017-06-07', '2017-12-19', 1557.4, 9);
INSERT INTO `ori_orders` VALUES (100, '2017-06-07', '2017-12-19', 2549.3, 6);
INSERT INTO `ori_orders` VALUES (101, '2017-06-07', '2017-12-19', 1557.4, 5);
INSERT INTO `ori_orders` VALUES (102, '2017-06-07', '2017-12-19', 2901.6, 5);
INSERT INTO `ori_orders` VALUES (103, '2017-12-07', '2017-12-14', 449.1, 8);
INSERT INTO `ori_orders` VALUES (104, '2017-12-07', '2017-12-14', 1671.6, 1);
INSERT INTO `ori_orders` VALUES (105, '2017-12-07', '2017-12-14', 1422.9, 1);
INSERT INTO `ori_orders` VALUES (106, '2017-12-07', '2017-12-14', 3927.3, 7);
INSERT INTO `ori_orders` VALUES (107, '2017-12-07', '2017-12-14', 449.1, 7);
INSERT INTO `ori_orders` VALUES (108, '2017-12-07', '2017-12-14', 3927.3, 3);
INSERT INTO `ori_orders` VALUES (109, '2016-07-18', '2016-10-20', 398, 6);
INSERT INTO `ori_orders` VALUES (110, '2016-07-18', '2016-10-20', 3238.3, 1);
INSERT INTO `ori_orders` VALUES (111, '2016-07-18', '2016-10-20', 398, 6);
INSERT INTO `ori_orders` VALUES (112, '2016-07-18', '2016-10-20', 398, 8);
INSERT INTO `ori_orders` VALUES (113, '2016-07-18', '2016-10-20', 1097.8, 6);
INSERT INTO `ori_orders` VALUES (114, '2016-07-18', '2016-10-20', 1097.8, 6);
INSERT INTO `ori_orders` VALUES (115, '2016-02-06', '2016-06-20', 9810, 9);
INSERT INTO `ori_orders` VALUES (116, '2016-02-06', '2016-06-20', 9810, 8);
INSERT INTO `ori_orders` VALUES (117, '2016-02-06', '2016-06-20', 1791, 8);
INSERT INTO `ori_orders` VALUES (118, '2016-02-06', '2016-06-20', 1791, 6);
INSERT INTO `ori_orders` VALUES (119, '2016-02-06', '2016-06-20', 2734.2, 8);
INSERT INTO `ori_orders` VALUES (120, '2016-02-06', '2016-06-20', 1791, 8);
INSERT INTO `ori_orders` VALUES (121, '2016-07-12', '2016-10-22', 358.2, 4);
INSERT INTO `ori_orders` VALUES (122, '2016-07-12', '2016-10-22', 10682, 1);
INSERT INTO `ori_orders` VALUES (123, '2016-07-12', '2016-10-22', 10682, 2);
INSERT INTO `ori_orders` VALUES (124, '2016-07-12', '2016-10-22', 10682, 1);
INSERT INTO `ori_orders` VALUES (125, '2016-07-12', '2016-10-22', 2371.5, 5);
INSERT INTO `ori_orders` VALUES (126, '2016-07-12', '2016-10-22', 1257.9, 3);
INSERT INTO `ori_orders` VALUES (127, '2016-02-11', '2016-08-03', 9592, 6);
INSERT INTO `ori_orders` VALUES (128, '2016-02-11', '2016-08-03', 2678.4, 2);
INSERT INTO `ori_orders` VALUES (129, '2016-02-11', '2016-08-03', 1432.8, 4);
INSERT INTO `ori_orders` VALUES (130, '2016-02-11', '2016-08-03', 9592, 3);
INSERT INTO `ori_orders` VALUES (131, '2016-02-11', '2016-08-03', 9592, 7);
INSERT INTO `ori_orders` VALUES (132, '2016-02-11', '2016-08-03', 9592, 3);
INSERT INTO `ori_orders` VALUES (133, '2017-04-20', '2017-07-24', 3713.8, 2);
INSERT INTO `ori_orders` VALUES (134, '2017-04-20', '2017-07-24', 7521, 1);
INSERT INTO `ori_orders` VALUES (135, '2017-04-20', '2017-07-24', 975.1, 3);
INSERT INTO `ori_orders` VALUES (136, '2017-04-20', '2017-07-24', 5167.5, 5);
INSERT INTO `ori_orders` VALUES (137, '2017-04-20', '2017-07-24', 7521, 6);
INSERT INTO `ori_orders` VALUES (138, '2017-04-20', '2017-07-24', 975.1, 6);
INSERT INTO `ori_orders` VALUES (139, '2017-04-22', '2017-08-14', 7630, 5);
INSERT INTO `ori_orders` VALUES (140, '2017-04-22', '2017-08-14', 2650.5, 3);
INSERT INTO `ori_orders` VALUES (141, '2017-04-22', '2017-08-14', 7630, 7);
INSERT INTO `ori_orders` VALUES (142, '2017-04-22', '2017-08-14', 3043.9, 6);
INSERT INTO `ori_orders` VALUES (143, '2017-04-22', '2017-08-14', 2650.5, 1);
INSERT INTO `ori_orders` VALUES (144, '2017-04-22', '2017-08-14', 7630, 4);
INSERT INTO `ori_orders` VALUES (145, '2018-09-25', '2018-12-07', 502.2, 3);
INSERT INTO `ori_orders` VALUES (146, '2018-09-25', '2018-12-07', 1171.3, 8);
INSERT INTO `ori_orders` VALUES (147, '2018-09-25', '2018-12-07', 4552.4, 5);
INSERT INTO `ori_orders` VALUES (148, '2018-09-25', '2018-12-07', 1447.1, 2);
INSERT INTO `ori_orders` VALUES (149, '2018-09-25', '2018-12-07', 502.2, 6);
INSERT INTO `ori_orders` VALUES (150, '2018-09-25', '2018-12-07', 1034.8, 9);
INSERT INTO `ori_orders` VALUES (151, '2016-04-05', '2016-09-03', 2962.7, 6);
INSERT INTO `ori_orders` VALUES (152, '2016-04-05', '2016-09-03', 1731.3, 6);
INSERT INTO `ori_orders` VALUES (153, '2016-04-05', '2016-09-03', 2962.7, 5);
INSERT INTO `ori_orders` VALUES (154, '2016-04-05', '2016-09-03', 5777, 4);
INSERT INTO `ori_orders` VALUES (155, '2016-04-05', '2016-09-03', 1731.3, 1);
INSERT INTO `ori_orders` VALUES (156, '2016-04-05', '2016-09-03', 2962.7, 6);
INSERT INTO `ori_orders` VALUES (157, '2017-03-05', '2017-05-20', 2371.5, 1);
INSERT INTO `ori_orders` VALUES (158, '2017-03-05', '2017-05-20', 676.6, 4);
INSERT INTO `ori_orders` VALUES (159, '2017-03-05', '2017-05-20', 2371.5, 4);
INSERT INTO `ori_orders` VALUES (160, '2017-03-05', '2017-05-20', 3582.8, 5);
INSERT INTO `ori_orders` VALUES (161, '2017-03-05', '2017-05-20', 3582.8, 9);
INSERT INTO `ori_orders` VALUES (162, '2017-03-05', '2017-05-20', 3582.8, 2);
INSERT INTO `ori_orders` VALUES (163, '2017-12-25', '2017-12-28', 5777, 8);
INSERT INTO `ori_orders` VALUES (164, '2018-06-06', '2018-08-08', 1950.2, 4);
INSERT INTO `ori_orders` VALUES (165, '2018-06-06', '2018-08-08', 1950.2, 1);
INSERT INTO `ori_orders` VALUES (166, '2018-06-06', '2018-08-08', 2232, 2);
INSERT INTO `ori_orders` VALUES (167, '2018-06-06', '2018-08-08', 5777, 9);
INSERT INTO `ori_orders` VALUES (168, '2018-06-06', '2018-08-08', 3169.4, 6);
INSERT INTO `ori_orders` VALUES (169, '2017-05-10', '2017-06-01', 5718.7, 8);
INSERT INTO `ori_orders` VALUES (170, '2017-05-10', '2017-06-01', 5870.2, 6);
INSERT INTO `ori_orders` VALUES (171, '2017-05-10', '2017-06-01', 10137, 9);
INSERT INTO `ori_orders` VALUES (172, '2017-05-10', '2017-06-01', 5718.7, 4);
INSERT INTO `ori_orders` VALUES (173, '2017-05-10', '2017-06-01', 1060.2, 7);
INSERT INTO `ori_orders` VALUES (174, '2016-07-07', '2016-07-30', 1060.2, 7);
INSERT INTO `ori_orders` VALUES (175, '2016-07-18', '2016-08-01', 2067, 1);
INSERT INTO `ori_orders` VALUES (176, '2016-07-18', '2016-08-01', 1635, 2);
INSERT INTO `ori_orders` VALUES (177, '2016-07-18', '2016-08-01', 2089.5, 2);
INSERT INTO `ori_orders` VALUES (178, '2016-07-18', '2016-08-01', 2067, 9);
INSERT INTO `ori_orders` VALUES (179, '2016-07-18', '2016-08-01', 2089.5, 3);
INSERT INTO `ori_orders` VALUES (180, '2016-07-18', '2016-08-01', 1635, 6);
INSERT INTO `ori_orders` VALUES (181, '2016-12-12', '2016-12-13', 1976.7, 8);
INSERT INTO `ori_orders` VALUES (182, '2016-12-12', '2016-12-13', 1976.7, 1);
INSERT INTO `ori_orders` VALUES (183, '2016-12-12', '2016-12-13', 1701.9, 5);
INSERT INTO `ori_orders` VALUES (184, '2016-12-12', '2016-12-13', 1174.1, 4);
INSERT INTO `ori_orders` VALUES (185, '2016-12-12', '2016-12-13', 1174.1, 6);
INSERT INTO `ori_orders` VALUES (186, '2016-12-12', '2016-12-13', 1701.9, 4);
INSERT INTO `ori_orders` VALUES (187, '2016-11-23', '2016-11-28', 1512.4, 8);
INSERT INTO `ori_orders` VALUES (188, '2016-11-23', '2016-11-28', 2538.9, 6);
INSERT INTO `ori_orders` VALUES (189, '2016-11-23', '2016-11-28', 3238.3, 7);
INSERT INTO `ori_orders` VALUES (190, '2016-11-23', '2016-11-28', 2538.9, 2);
INSERT INTO `ori_orders` VALUES (191, '2016-11-23', '2016-11-28', 3706, 2);
INSERT INTO `ori_orders` VALUES (192, '2016-11-23', '2016-11-28', 2538.9, 6);
INSERT INTO `ori_orders` VALUES (193, '2016-12-16', '2016-12-17', 251.1, 8);
INSERT INTO `ori_orders` VALUES (194, '2016-12-16', '2016-12-17', 11118, 8);
INSERT INTO `ori_orders` VALUES (195, '2016-12-16', '2016-12-17', 4890.2, 6);
INSERT INTO `ori_orders` VALUES (196, '2016-12-16', '2016-12-17', 4890.2, 4);
INSERT INTO `ori_orders` VALUES (197, '2017-08-31', '2017-09-17', 159.2, 3);
INSERT INTO `ori_orders` VALUES (198, '2017-08-31', '2017-09-17', 251.1, 8);
INSERT INTO `ori_orders` VALUES (199, '2017-04-07', '2017-06-29', 5374.2, 9);
INSERT INTO `ori_orders` VALUES (200, '2017-04-07', '2017-06-29', 449.1, 3);
INSERT INTO `ori_orders` VALUES (201, '2017-04-07', '2017-06-29', 5374.2, 6);
INSERT INTO `ori_orders` VALUES (202, '2017-04-07', '2017-06-29', 2156.4, 3);
INSERT INTO `ori_orders` VALUES (203, '2017-04-07', '2017-06-29', 2156.4, 7);
INSERT INTO `ori_orders` VALUES (204, '2017-04-07', '2017-06-29', 920.7, 1);
INSERT INTO `ori_orders` VALUES (205, '2016-07-11', '2016-08-11', 4073.2, 5);
INSERT INTO `ori_orders` VALUES (206, '2016-07-11', '2016-08-11', 6201, 7);
INSERT INTO `ori_orders` VALUES (207, '2016-07-11', '2016-08-11', 10682, 1);
INSERT INTO `ori_orders` VALUES (208, '2016-07-11', '2016-08-11', 1174.1, 8);
INSERT INTO `ori_orders` VALUES (209, '2017-03-15', '2017-06-02', 6201, 2);
INSERT INTO `ori_orders` VALUES (210, '2017-03-15', '2017-06-02', 6201, 9);
INSERT INTO `ori_orders` VALUES (211, '2017-12-24', '2017-12-25', 139.3, 7);
INSERT INTO `ori_orders` VALUES (212, '2017-12-24', '2017-12-25', 3354.4, 3);
INSERT INTO `ori_orders` VALUES (213, '2017-12-24', '2017-12-25', 4469, 8);
INSERT INTO `ori_orders` VALUES (214, '2017-12-24', '2017-12-25', 3354.4, 2);
INSERT INTO `ori_orders` VALUES (215, '2016-02-21', '2016-12-06', 4469, 5);
INSERT INTO `ori_orders` VALUES (216, '2016-02-21', '2016-12-06', 2204.1, 6);
INSERT INTO `ori_orders` VALUES (217, '2016-03-25', '2016-07-21', 2744.5, 1);
INSERT INTO `ori_orders` VALUES (218, '2016-03-25', '2016-07-21', 599, 8);
INSERT INTO `ori_orders` VALUES (219, '2016-03-25', '2016-07-21', 599, 6);
INSERT INTO `ori_orders` VALUES (220, '2016-03-25', '2016-07-21', 1722.5, 1);
INSERT INTO `ori_orders` VALUES (221, '2016-03-25', '2016-07-21', 1722.5, 4);
INSERT INTO `ori_orders` VALUES (222, '2016-03-25', '2016-07-21', 855.7, 6);
INSERT INTO `ori_orders` VALUES (223, '2016-05-26', '2016-08-23', 1729.8, 3);
INSERT INTO `ori_orders` VALUES (224, '2016-05-26', '2016-08-23', 5649.8, 5);
INSERT INTO `ori_orders` VALUES (225, '2016-05-26', '2016-08-23', 3043.9, 4);
INSERT INTO `ori_orders` VALUES (226, '2016-05-26', '2016-08-23', 2455.9, 8);
INSERT INTO `ori_orders` VALUES (227, '2016-05-26', '2016-08-23', 5649.8, 2);
INSERT INTO `ori_orders` VALUES (228, '2016-05-26', '2016-08-23', 1729.8, 6);
INSERT INTO `ori_orders` VALUES (229, '2017-05-21', '2017-06-14', 2029.8, 5);
INSERT INTO `ori_orders` VALUES (230, '2017-05-21', '2017-06-14', 3892.2, 9);
INSERT INTO `ori_orders` VALUES (231, '2017-05-21', '2017-06-14', 8066, 9);
INSERT INTO `ori_orders` VALUES (232, '2017-05-21', '2017-06-14', 5750.4, 5);
INSERT INTO `ori_orders` VALUES (233, '2017-05-21', '2017-06-14', 8066, 5);
INSERT INTO `ori_orders` VALUES (234, '2017-05-21', '2017-06-14', 2029.8, 1);
INSERT INTO `ori_orders` VALUES (235, '2016-06-11', '2016-10-21', 1990, 9);
INSERT INTO `ori_orders` VALUES (236, '2016-06-11', '2016-10-21', 6821.1, 3);
INSERT INTO `ori_orders` VALUES (237, '2016-06-11', '2016-10-21', 2008.8, 3);
INSERT INTO `ori_orders` VALUES (238, '2016-06-11', '2016-10-21', 1990, 9);
INSERT INTO `ori_orders` VALUES (239, '2016-06-11', '2016-10-21', 6821.1, 1);
INSERT INTO `ori_orders` VALUES (240, '2016-06-11', '2016-10-21', 2008.8, 3);
INSERT INTO `ori_orders` VALUES (241, '2016-02-10', '2016-11-25', 1309.1, 6);
INSERT INTO `ori_orders` VALUES (242, '2016-02-10', '2016-11-25', 2944.1, 7);
INSERT INTO `ori_orders` VALUES (243, '2016-02-10', '2016-11-25', 3773.7, 9);
INSERT INTO `ori_orders` VALUES (244, '2016-02-10', '2016-11-25', 2343.6, 6);
INSERT INTO `ori_orders` VALUES (245, '2016-02-10', '2016-11-25', 1309.1, 2);
INSERT INTO `ori_orders` VALUES (246, '2016-02-10', '2016-11-25', 1309.1, 9);
INSERT INTO `ori_orders` VALUES (247, '2018-01-12', '2018-12-25', 1198, 4);
INSERT INTO `ori_orders` VALUES (248, '2018-01-12', '2018-12-25', 4491, 4);
INSERT INTO `ori_orders` VALUES (249, '2018-01-12', '2018-12-25', 2067, 1);
INSERT INTO `ori_orders` VALUES (250, '2018-01-12', '2018-12-25', 4491, 7);
INSERT INTO `ori_orders` VALUES (251, '2018-01-12', '2018-12-25', 654, 4);
INSERT INTO `ori_orders` VALUES (252, '2018-01-12', '2018-12-25', 654, 8);
INSERT INTO `ori_orders` VALUES (253, '2018-10-13', '2018-12-04', 9374, 1);
INSERT INTO `ori_orders` VALUES (254, '2018-10-13', '2018-12-04', 1102.4, 1);
INSERT INTO `ori_orders` VALUES (255, '2018-10-13', '2018-12-04', 4491, 6);
INSERT INTO `ori_orders` VALUES (256, '2018-10-13', '2018-12-04', 5450.9, 7);
INSERT INTO `ori_orders` VALUES (257, '2018-10-13', '2018-12-04', 4491, 5);
INSERT INTO `ori_orders` VALUES (258, '2017-08-14', '2017-09-28', 1102.4, 6);
INSERT INTO `ori_orders` VALUES (259, '2018-02-22', '2018-09-30', 1273.6, 7);
INSERT INTO `ori_orders` VALUES (260, '2018-01-08', '2018-08-24', 1273.6, 9);
INSERT INTO `ori_orders` VALUES (261, '2018-01-08', '2018-08-24', 2092.5, 8);
INSERT INTO `ori_orders` VALUES (262, '2018-08-17', '2018-08-21', 5930.1, 2);
INSERT INTO `ori_orders` VALUES (263, '2018-08-17', '2018-08-21', 2092.5, 7);
INSERT INTO `ori_orders` VALUES (264, '2018-08-17', '2018-08-21', 1722.5, 4);
INSERT INTO `ori_orders` VALUES (265, '2017-09-14', '2017-11-11', 4432.6, 5);
INSERT INTO `ori_orders` VALUES (266, '2017-09-14', '2017-11-11', 4960.8, 7);
INSERT INTO `ori_orders` VALUES (267, '2017-09-14', '2017-11-11', 1674, 3);
INSERT INTO `ori_orders` VALUES (268, '2017-09-14', '2017-11-11', 648.7, 1);
INSERT INTO `ori_orders` VALUES (269, '2017-09-14', '2017-11-11', 4432.6, 6);
INSERT INTO `ori_orders` VALUES (270, '2017-09-14', '2017-11-11', 6867, 2);
INSERT INTO `ori_orders` VALUES (271, '2017-04-15', '2017-10-10', 2616, 8);
INSERT INTO `ori_orders` VALUES (272, '2017-04-15', '2017-10-10', 3093.8, 9);
INSERT INTO `ori_orders` VALUES (273, '2017-04-15', '2017-10-10', 2616, 9);
INSERT INTO `ori_orders` VALUES (274, '2017-04-15', '2017-10-10', 2616, 9);
INSERT INTO `ori_orders` VALUES (275, '2017-04-15', '2017-10-10', 2616, 9);
INSERT INTO `ori_orders` VALUES (276, '2017-04-15', '2017-10-10', 2616, 6);
INSERT INTO `ori_orders` VALUES (277, '2018-05-10', '2018-06-08', 3651.7, 7);
INSERT INTO `ori_orders` VALUES (278, '2018-05-10', '2018-06-08', 955.2, 9);
INSERT INTO `ori_orders` VALUES (279, '2018-05-10', '2018-06-08', 4252.9, 7);
INSERT INTO `ori_orders` VALUES (280, '2018-05-10', '2018-06-08', 955.2, 1);
INSERT INTO `ori_orders` VALUES (281, '2018-05-10', '2018-06-08', 349.3, 6);
INSERT INTO `ori_orders` VALUES (282, '2018-05-10', '2018-06-08', 3651.7, 2);
INSERT INTO `ori_orders` VALUES (283, '2018-03-10', '2018-09-06', 1452.7, 7);
INSERT INTO `ori_orders` VALUES (284, '2017-06-07', '2017-07-01', 3414.3, 7);
INSERT INTO `ori_orders` VALUES (285, '2017-06-07', '2017-07-01', 1452.7, 3);
INSERT INTO `ori_orders` VALUES (286, '2017-06-07', '2017-07-01', 9374, 2);
INSERT INTO `ori_orders` VALUES (287, '2017-06-07', '2017-07-01', 9374, 6);
INSERT INTO `ori_orders` VALUES (288, '2017-06-07', '2017-07-01', 3720.6, 5);
INSERT INTO `ori_orders` VALUES (289, '2018-08-24', '2018-10-22', 1757.7, 8);
INSERT INTO `ori_orders` VALUES (290, '2018-08-24', '2018-10-22', 9156, 5);
INSERT INTO `ori_orders` VALUES (291, '2018-08-24', '2018-10-22', 4851.9, 9);
INSERT INTO `ori_orders` VALUES (292, '2016-09-07', '2016-12-02', 4851.9, 4);
INSERT INTO `ori_orders` VALUES (293, '2016-09-07', '2016-12-02', 2544.9, 2);
INSERT INTO `ori_orders` VALUES (294, '2016-09-07', '2016-12-02', 4851.9, 4);
INSERT INTO `ori_orders` VALUES (295, '2018-02-14', '2018-03-04', 537.3, 9);
INSERT INTO `ori_orders` VALUES (296, '2018-02-14', '2018-03-04', 1646.7, 2);
INSERT INTO `ori_orders` VALUES (297, '2018-02-14', '2018-03-04', 2549.3, 8);
INSERT INTO `ori_orders` VALUES (298, '2018-02-14', '2018-03-04', 537.3, 8);
INSERT INTO `ori_orders` VALUES (299, '2018-02-14', '2018-03-04', 537.3, 4);
INSERT INTO `ori_orders` VALUES (300, '2018-02-14', '2018-03-04', 537.3, 1);
INSERT INTO `ori_orders` VALUES (301, '2016-11-01', '2016-12-30', 417.9, 5);
INSERT INTO `ori_orders` VALUES (302, '2016-11-21', '2016-12-03', 5559, 2);
INSERT INTO `ori_orders` VALUES (303, '2016-11-21', '2016-12-03', 4291.4, 2);
INSERT INTO `ori_orders` VALUES (304, '2016-11-21', '2016-12-03', 2622.6, 8);
INSERT INTO `ori_orders` VALUES (305, '2016-11-21', '2016-12-03', 964.6, 2);
INSERT INTO `ori_orders` VALUES (306, '2016-11-21', '2016-12-03', 6109.8, 4);
INSERT INTO `ori_orders` VALUES (307, '2016-05-19', '2016-06-13', 1746.5, 9);
INSERT INTO `ori_orders` VALUES (308, '2016-05-19', '2016-06-13', 530.1, 2);
INSERT INTO `ori_orders` VALUES (309, '2016-05-19', '2016-06-13', 1746.5, 7);
INSERT INTO `ori_orders` VALUES (310, '2016-05-19', '2016-06-13', 1976.7, 6);
INSERT INTO `ori_orders` VALUES (311, '2016-05-19', '2016-06-13', 6649, 1);
INSERT INTO `ori_orders` VALUES (312, '2016-05-19', '2016-06-13', 6649, 9);
INSERT INTO `ori_orders` VALUES (313, '2018-04-07', '2018-09-29', 676.6, 4);
INSERT INTO `ori_orders` VALUES (314, '2018-04-07', '2018-09-29', 2398, 6);
INSERT INTO `ori_orders` VALUES (315, '2018-04-07', '2018-09-29', 2398, 2);
INSERT INTO `ori_orders` VALUES (316, '2018-04-07', '2018-09-29', 2398, 6);
INSERT INTO `ori_orders` VALUES (317, '2018-04-07', '2018-09-29', 2398, 2);
INSERT INTO `ori_orders` VALUES (318, '2018-04-07', '2018-09-29', 2398, 7);
INSERT INTO `ori_orders` VALUES (319, '2018-05-15', '2018-05-17', 3789.5, 3);
INSERT INTO `ori_orders` VALUES (320, '2018-05-15', '2018-05-17', 1283.4, 4);
INSERT INTO `ori_orders` VALUES (321, '2018-05-15', '2018-05-17', 499, 6);
INSERT INTO `ori_orders` VALUES (322, '2018-05-15', '2018-05-17', 499, 2);
INSERT INTO `ori_orders` VALUES (323, '2018-05-15', '2018-05-17', 6649, 7);
INSERT INTO `ori_orders` VALUES (324, '2018-05-15', '2018-05-17', 1257.9, 9);
INSERT INTO `ori_orders` VALUES (325, '2016-03-11', '2016-04-14', 482.3, 6);
INSERT INTO `ori_orders` VALUES (326, '2016-06-05', '2016-11-24', 1846.3, 6);
INSERT INTO `ori_orders` VALUES (327, '2016-06-05', '2016-11-24', 2259.9, 2);
INSERT INTO `ori_orders` VALUES (328, '2016-06-05', '2016-11-24', 419.3, 9);
INSERT INTO `ori_orders` VALUES (329, '2016-04-06', '2016-11-06', 482.3, 7);
INSERT INTO `ori_orders` VALUES (330, '2016-04-06', '2016-11-06', 2009.9, 4);
INSERT INTO `ori_orders` VALUES (331, '2016-03-20', '2016-05-18', 4469, 1);
INSERT INTO `ori_orders` VALUES (332, '2016-03-20', '2016-05-18', 1437.6, 5);
INSERT INTO `ori_orders` VALUES (333, '2016-03-20', '2016-05-18', 1729.8, 2);
INSERT INTO `ori_orders` VALUES (334, '2016-03-20', '2016-05-18', 736.3, 6);
INSERT INTO `ori_orders` VALUES (335, '2016-03-20', '2016-05-18', 4469, 2);
INSERT INTO `ori_orders` VALUES (336, '2016-03-20', '2016-05-18', 736.3, 8);
INSERT INTO `ori_orders` VALUES (337, '2018-08-13', '2018-08-27', 5305.3, 5);
INSERT INTO `ori_orders` VALUES (338, '2018-08-13', '2018-08-27', 1437.6, 2);
INSERT INTO `ori_orders` VALUES (339, '2018-08-13', '2018-08-27', 1696.6, 7);
INSERT INTO `ori_orders` VALUES (340, '2017-06-08', '2017-11-08', 1116, 3);
INSERT INTO `ori_orders` VALUES (341, '2017-06-08', '2017-11-08', 1116, 7);
INSERT INTO `ori_orders` VALUES (342, '2017-06-08', '2017-11-08', 1696.6, 9);
INSERT INTO `ori_orders` VALUES (343, '2017-07-21', '2017-09-26', 2071, 9);
INSERT INTO `ori_orders` VALUES (344, '2017-07-21', '2017-09-26', 1078.2, 4);
INSERT INTO `ori_orders` VALUES (345, '2017-07-21', '2017-09-26', 5089.8, 2);
INSERT INTO `ori_orders` VALUES (346, '2017-07-21', '2017-09-26', 474.3, 3);
INSERT INTO `ori_orders` VALUES (347, '2017-08-29', '2017-10-16', 6338.8, 8);
INSERT INTO `ori_orders` VALUES (348, '2017-08-29', '2017-10-16', 1078.2, 8);
INSERT INTO `ori_orders` VALUES (349, '2016-01-15', '2016-06-27', 251.1, 5);
INSERT INTO `ori_orders` VALUES (350, '2016-01-15', '2016-06-27', 6431, 3);
INSERT INTO `ori_orders` VALUES (351, '2016-01-15', '2016-06-27', 5990, 3);
INSERT INTO `ori_orders` VALUES (352, '2016-01-15', '2016-06-27', 5990, 4);
INSERT INTO `ori_orders` VALUES (353, '2016-01-15', '2016-06-27', 1333.3, 3);
INSERT INTO `ori_orders` VALUES (354, '2016-08-13', '2016-11-12', 1102.4, 8);
INSERT INTO `ori_orders` VALUES (355, '2018-04-21', '2018-11-25', 1596.8, 2);
INSERT INTO `ori_orders` VALUES (356, '2018-04-21', '2018-11-25', 4134, 8);
INSERT INTO `ori_orders` VALUES (357, '2018-04-21', '2018-11-25', 1596.8, 1);
INSERT INTO `ori_orders` VALUES (358, '2018-04-21', '2018-11-25', 1596.8, 6);
INSERT INTO `ori_orders` VALUES (359, '2018-04-21', '2018-11-25', 537.3, 7);
INSERT INTO `ori_orders` VALUES (360, '2016-09-17', '2016-12-29', 4134, 6);
INSERT INTO `ori_orders` VALUES (361, '2018-04-15', '2018-07-04', 5211.3, 3);
INSERT INTO `ori_orders` VALUES (362, '2018-04-15', '2018-07-04', 1333.3, 9);
INSERT INTO `ori_orders` VALUES (363, '2018-04-15', '2018-07-04', 2045.9, 6);
INSERT INTO `ori_orders` VALUES (364, '2018-04-15', '2018-07-04', 5211.3, 9);

-- ----------------------------
-- Table structure for ori_region
-- ----------------------------
DROP TABLE IF EXISTS `ori_region`;
CREATE TABLE `ori_region`  (
  `id` int(11) NOT NULL AUTO_INCREMENT,
  `regionName` varchar(254) CHARACTER SET utf8 COLLATE utf8_bin NULL DEFAULT NULL,
  PRIMARY KEY (`id`) USING BTREE
) ENGINE = InnoDB AUTO_INCREMENT = 46 CHARACTER SET = utf8 COLLATE = utf8_bin ROW_FORMAT = Compact;

-- ----------------------------
-- Records of ori_region
-- ----------------------------
INSERT INTO `ori_region` VALUES (1, '');
INSERT INTO `ori_region` VALUES (2, '');
INSERT INTO `ori_region` VALUES (3, '');
INSERT INTO `ori_region` VALUES (4, '');
INSERT INTO `ori_region` VALUES (5, '');
INSERT INTO `ori_region` VALUES (6, '');
INSERT INTO `ori_region` VALUES (7, '');
INSERT INTO `ori_region` VALUES (8, '');
INSERT INTO `ori_region` VALUES (9, '');
INSERT INTO `ori_region` VALUES (10, '');
INSERT INTO `ori_region` VALUES (11, '');
INSERT INTO `ori_region` VALUES (12, '');
INSERT INTO `ori_region` VALUES (13, '');
INSERT INTO `ori_region` VALUES (14, '');
INSERT INTO `ori_region` VALUES (15, '');
INSERT INTO `ori_region` VALUES (16, '');
INSERT INTO `ori_region` VALUES (17, '');
INSERT INTO `ori_region` VALUES (18, '');
INSERT INTO `ori_region` VALUES (19, '');
INSERT INTO `ori_region` VALUES (20, '');
INSERT INTO `ori_region` VALUES (21, '');
INSERT INTO `ori_region` VALUES (22, '');
INSERT INTO `ori_region` VALUES (23, '');
INSERT INTO `ori_region` VALUES (24, '');
INSERT INTO `ori_region` VALUES (25, '');
INSERT INTO `ori_region` VALUES (26, '');
INSERT INTO `ori_region` VALUES (27, '');
INSERT INTO `ori_region` VALUES (28, '');
INSERT INTO `ori_region` VALUES (29, '');
INSERT INTO `ori_region` VALUES (30, '');
INSERT INTO `ori_region` VALUES (31, '');
INSERT INTO `ori_region` VALUES (32, '');
INSERT INTO `ori_region` VALUES (33, '');
INSERT INTO `ori_region` VALUES (34, '');
INSERT INTO `ori_region` VALUES (35, '');
INSERT INTO `ori_region` VALUES (36, '');
INSERT INTO `ori_region` VALUES (37, '');
INSERT INTO `ori_region` VALUES (38, '');
INSERT INTO `ori_region` VALUES (39, '');
INSERT INTO `ori_region` VALUES (40, '');
INSERT INTO `ori_region` VALUES (41, '');
INSERT INTO `ori_region` VALUES (42, '');
INSERT INTO `ori_region` VALUES (43, '');
INSERT INTO `ori_region` VALUES (44, '');
INSERT INTO `ori_region` VALUES (45, '');

-- ----------------------------
-- Table structure for ori_type
-- ----------------------------
DROP TABLE IF EXISTS `ori_type`;
CREATE TABLE `ori_type`  (
  `typeName` varchar(254) CHARACTER SET utf8 COLLATE utf8_bin NULL DEFAULT NULL,
  `typeState` varchar(254) CHARACTER SET utf8 COLLATE utf8_bin NULL DEFAULT NULL,
  `id` int(11) NOT NULL AUTO_INCREMENT,
  PRIMARY KEY (`id`) USING BTREE
) ENGINE = InnoDB AUTO_INCREMENT = 31 CHARACTER SET = utf8 COLLATE = utf8_bin ROW_FORMAT = Compact;

-- ----------------------------
-- Records of ori_type
-- ----------------------------
INSERT INTO `ori_type` VALUES ('', '', 1);
INSERT INTO `ori_type` VALUES ('', '', 2);
INSERT INTO `ori_type` VALUES ('', '', 3);
INSERT INTO `ori_type` VALUES ('', '', 4);
INSERT INTO `ori_type` VALUES ('', '', 5);
INSERT INTO `ori_type` VALUES ('', '', 6);
INSERT INTO `ori_type` VALUES ('', '', 7);
INSERT INTO `ori_type` VALUES ('', '', 8);
INSERT INTO `ori_type` VALUES ('', '', 9);
INSERT INTO `ori_type` VALUES ('', '', 10);
INSERT INTO `ori_type` VALUES ('', '', 11);
INSERT INTO `ori_type` VALUES ('', '', 12);
INSERT INTO `ori_type` VALUES ('', '', 13);
INSERT INTO `ori_type` VALUES ('', '', 14);
INSERT INTO `ori_type` VALUES ('', '', 15);
INSERT INTO `ori_type` VALUES ('', '', 16);
INSERT INTO `ori_type` VALUES ('', '', 17);
INSERT INTO `ori_type` VALUES ('', '', 18);
INSERT INTO `ori_type` VALUES ('', '', 19);
INSERT INTO `ori_type` VALUES ('', '', 20);
INSERT INTO `ori_type` VALUES ('', '', 21);
INSERT INTO `ori_type` VALUES ('', '', 22);
INSERT INTO `ori_type` VALUES ('', '', 23);
INSERT INTO `ori_type` VALUES ('', '', 24);
INSERT INTO `ori_type` VALUES ('', '', 25);
INSERT INTO `ori_type` VALUES ('', '', 26);
INSERT INTO `ori_type` VALUES ('', '', 27);
INSERT INTO `ori_type` VALUES ('', '', 28);
INSERT INTO `ori_type` VALUES ('', '', 29);
INSERT INTO `ori_type` VALUES ('', '', 30);

SET FOREIGN_KEY_CHECKS = 1;
